-- IMPORTAÇÃO DOS DADOS BAIXADOS DO SUPABASE ANTIGO
-- Rode depois do arquivo 00_SUPABASE_NOVO_COMPLETO.sql
-- Antes de publicar, suba a pasta MIGRACAO_DADOS_ANTIGOS/storage-upload/barmy360-images para o bucket barmy360-images no Supabase novo.

-- Compatibilidade com colunas usadas pelo site/painel
alter table public.help_items add column if not exists section_key text;
alter table public.help_items add column if not exists link_label text;
alter table public.stream_items add column if not exists section_key text;
alter table public.stream_items add column if not exists link_label text;
alter table public.handbanner_art_submissions add column if not exists device_id text;
alter table public.votacoes add column if not exists mostrar_resultado boolean default true;
alter table public.opcoes_votacao add column if not exists hb_phrase_group text;

insert into public.solo_members (id, member_name, title, description, status, position) values ('4c6631c3-3cfd-4b09-8f7b-66632e653dee', 'RM', 'RM', 'Projetos individuais de RM.', 'em_colaboracao', 1) on conflict (id) do update set member_name=excluded.member_name, title=excluded.title, position=excluded.position;
insert into public.solo_members (id, member_name, title, description, status, position) values ('9ed54a4b-e087-4c04-abc1-403698eb8587', 'Jin', 'Jin', 'Projetos individuais de Jin.', 'em_colaboracao', 2) on conflict (id) do update set member_name=excluded.member_name, title=excluded.title, position=excluded.position;
insert into public.solo_members (id, member_name, title, description, status, position) values ('fcb785e6-7681-4f69-b150-2a1d7d9e2696', 'SUGA', 'SUGA', 'Projetos individuais de SUGA.', 'em_colaboracao', 3) on conflict (id) do update set member_name=excluded.member_name, title=excluded.title, position=excluded.position;
insert into public.solo_members (id, member_name, title, description, status, position) values ('acc3ebb3-90ab-497e-8ccb-0cd30ef957f5', 'j-hope', 'j-hope', 'Projetos individuais de j-hope.', 'em_colaboracao', 4) on conflict (id) do update set member_name=excluded.member_name, title=excluded.title, position=excluded.position;
insert into public.solo_members (id, member_name, title, description, status, position) values ('2ba0e8a5-2ecf-4848-8092-104e318098af', 'Jimin', 'Jimin', 'Projetos individuais de Jimin.', 'em_colaboracao', 5) on conflict (id) do update set member_name=excluded.member_name, title=excluded.title, position=excluded.position;
insert into public.solo_members (id, member_name, title, description, status, position) values ('875ec0ea-529f-4288-8133-f2f4b3e91e41', 'V', 'V', 'Projetos individuais de V.', 'em_colaboracao', 6) on conflict (id) do update set member_name=excluded.member_name, title=excluded.title, position=excluded.position;
insert into public.solo_members (id, member_name, title, description, status, position) values ('25450db6-f35c-49fc-9ddc-8e31c63febad', 'Jung Kook', 'Jung Kook', 'Projetos individuais de Jung Kook.', 'em_colaboracao', 7) on conflict (id) do update set member_name=excluded.member_name, title=excluded.title, position=excluded.position;

insert into public.community_posts (id,title,content,author,created_at,image_url,link_url,link_label,status,position) values ('0302991a-e010-4e36-bea8-9b51c060572e','⚠️ COMUNICADO IMPORTANTE','A Comissão Organizadora informa que, conforme previsto no item 4.4.2.1 do Edital, cada participante poderá submeter apenas 1 (uma) frase para participação no processo.

Após análise dos envios já recebidos, esclarecemos que, nos casos em que um participante tenha submetido mais de uma frase, será considerada válida apenas uma única frase, sendo as demais desconsideradas para fins de avaliação.

Reforçamos que, a partir deste comunicado, todos os participantes deverão observar rigorosamente o disposto no Edital, realizando o envio de apenas 1 (uma) frase. Novos envios realizados por participantes que já tenham efetuado sua submissão não serão considerados.

A observância das regras estabelecidas é fundamental para garantir a transparência, a isonomia e a regularidade do processo.
Agradecemos a compreensão e a colaboração de todos.

Equipe B-ARMY360 💜','ADM','2026-06-06 18:30:51.319223+00',null,null,null,'publicado',0) on conflict (id) do update set title=excluded.title, content=excluded.content, author=excluded.author, image_url=excluded.image_url, link_url=excluded.link_url, link_label=excluded.link_label;
insert into public.community_posts (id,title,content,author,created_at,image_url,link_url,link_label,status,position) values ('4a405a20-a61a-48e7-956f-992c6795e2aa','SEJAM BEM-VINDOS À BARMY360 🇧🇷💜','Olá, BARMY!

A espera chegou ao fim! Agora, no conforto da sua casa, você pode ter um pedacinho da BARMY360 sempre com você.

Este será o espaço onde estarão reunidos os projetos dos meninos e onde, juntos, construiremos os próximos passos dessa trajetória. Agradecemos imensamente pela confiança e por tornar possível a existência deste projeto, que foi desenvolvido com muito carinho e dedicação.

Mas esta é apenas a primeira etapa. Ainda temos um longo caminho pela frente, repleto de novas conquistas, desafios e momentos especiais.

Contamos com você nessa jornada. Vamos juntos? 💜🇧🇷','ADM','2026-06-05 21:10:10.696297+00',null,null,null,'publicado',0) on conflict (id) do update set title=excluded.title, content=excluded.content, author=excluded.author, image_url=excluded.image_url, link_url=excluded.link_url, link_label=excluded.link_label;
insert into public.community_posts (id,title,content,author,created_at,image_url,link_url,link_label,status,position) values ('760cfbae-299f-4154-86da-d7cf626975df','🚨 | Comunicado Importante: próximas etapas do Hand Banner','Informamos que o período para envio de frases está oficialmente encerrado. Agradecemos a todos que dedicaram tempo para enviar suas ideias criativas!

⁉️ O que está acontecendo agora?
Triagem interna: Nossa equipe irá iniciar a avaliação de todas as frases recebidas de forma detalhada, com base nos critérios informados no Edital.

⁉️ Quando será a próxima fase?
Abertura da votação: No dia 12, publicaremos no nosso site as frases selecionadas para a votação do público.

Fiquem atentos às nossas atualizações para acompanhar o resultado da triagem e votar na sua frase favorita!

Atenciosamente,
Equipe B-ARMY360. 💜✨','ADM','2026-06-10 17:37:06.537995+00',null,'https://x.com/itsjeonjm/status/2064763025073004622?s=20',null,'publicado',0) on conflict (id) do update set title=excluded.title, content=excluded.content, author=excluded.author, image_url=excluded.image_url, link_url=excluded.link_url, link_label=excluded.link_label;
insert into public.community_posts (id,title,content,author,created_at,image_url,link_url,link_label,status,position) values ('ef7c5d54-de7a-4355-92d2-0f4649900e88','⚠️ COMUNICADO IMPORTANTE','Informamos que identificamos um erro nas informações de contato e pagamento anteriormente divulgadas.

O e-mail e a chave PIX corretos já foram atualizados em nossos canais oficiais. Pedimos que todos desconsiderem os dados divulgados anteriormente e utilizem apenas as informações corrigidas.

Lamentamos o ocorrido e agradecemos a compreensão de todos. Em caso de dúvidas, entre em contato conosco pelos nossos canais oficiais.

Equipe B-ARMY360 💜','ADM','2026-06-06 01:27:48.561068+00',null,null,null,'publicado',0) on conflict (id) do update set title=excluded.title, content=excluded.content, author=excluded.author, image_url=excluded.image_url, link_url=excluded.link_url, link_label=excluded.link_label;

insert into public.help_items (id,section_key,title,description,content,image_url,extra_images,link_url,link_label,category,position,created_at,status) values ('8d3bd0b1-83ec-4fe2-97f6-6cfc1434baff','mapa','MAPA: Entradas no Estádio','Mapa das entradas dos setores no Morumbis','Mapa das entradas dos setores no Morumbis','https://menaprzrrftribfyymmq.supabase.co/storage/v1/object/public/barmy360-images/helpImage/1780669311624-a8e1ee1aa38b98-mapas2.PNG','https://menaprzrrftribfyymmq.supabase.co/storage/v1/object/public/barmy360-images/helpExtraImages/1780406572006-0-ef87995ce6d1e8-mapa-de-setores-do-morumbi-2024.png
https://menaprzrrftribfyymmq.supabase.co/storage/v1/object/public/barmy360-images/helpExtraImages/1780627009237-0-9c00ffde084cc-WhatsApp-Image-2026-06-04-at-23.19.35.jpeg
https://menaprzrrftribfyymmq.supabase.co/storage/v1/object/public/barmy360-images/helpExtraImages/1780627265377-0-3b2c77f2d30a5-Captura-de-tela-2026-06-04-234000.png','https://www.google.com/maps/search/mapa+port%C3%B5es+morumbi+maps/@-23.6014648,-46.7223508,399m/data=!3m1!1e3?entry=ttu&g_ep=EgoyMDI2MDUyNy4wIKXMDSoASAFQAw%3D%3D','Google Maps','ajuda',0,'2026-06-02 13:35:13.010853+00','publicado') on conflict (id) do update set section_key=excluded.section_key, title=excluded.title, description=excluded.description, content=excluded.content, image_url=excluded.image_url, extra_images=excluded.extra_images, link_url=excluded.link_url, link_label=excluded.link_label, position=excluded.position;

insert into public.stream_items (id,section_key,title,description,content,image_url,link_url,link_label,category,position,created_at,status) values ('d369ee3b-1056-441e-ac03-57a7ce20333c','playlists','Playlists Spotify','Playlists de stream: ARIRANGxALBUM SOLOS','Playlists de streams disponiveis: 

ARIRANG & RPWP
ARIRANG & ECHO
ARIRANG & D-DAY
ARIRANG & HOTS
ARIRANG & MUSE
ARIRANG & LAYOVER
ARIRANG & GOLDEN','https://menaprzrrftribfyymmq.supabase.co/storage/v1/object/public/barmy360-images/streamImage/1781855541178-1256c69f0b9478-playlist-spotify.jpg','https://open.spotify.com/user/31lap7sgipkztjlsdwnzies6mqqe?si=115cfad8cc4247c4','Acesse nossas playlists','stream',0,'2026-05-31 07:26:25.753047+00','publicado') on conflict (id) do update set section_key=excluded.section_key, title=excluded.title, description=excluded.description, content=excluded.content, image_url=excluded.image_url, link_url=excluded.link_url, link_label=excluded.link_label, position=excluded.position;

insert into public.votacoes (id,titulo,descricao,fase,status,mostrar_ranking,created_at,mostrar_resultado,project_key) values ('012394b0-ea4b-4de9-bd81-7b4338eb2033','Votação - handbanner-frases','Escolha sua opção favorita.','final','aberta',false,'2026-06-09 14:23:45.48438+00',true,'handbanner-frases') on conflict (id) do update set titulo=excluded.titulo, descricao=excluded.descricao, fase=excluded.fase, status=excluded.status, mostrar_ranking=excluded.mostrar_ranking, mostrar_resultado=excluded.mostrar_resultado, project_key=excluded.project_key;
insert into public.votacoes (id,titulo,descricao,fase,status,mostrar_ranking,created_at,mostrar_resultado,project_key) values ('264f3fd0-a57e-44af-819f-af24c6f4614c','Votação','Escolha sua opção favorita.','final','aberta',true,'2026-06-12 12:02:26.077953+00',true,'c43af3d4-5c39-4dc9-b66e-d5502990d385') on conflict (id) do update set titulo=excluded.titulo, descricao=excluded.descricao, fase=excluded.fase, status=excluded.status, mostrar_ranking=excluded.mostrar_ranking, mostrar_resultado=excluded.mostrar_resultado, project_key=excluded.project_key;
insert into public.votacoes (id,titulo,descricao,fase,status,mostrar_ranking,created_at,mostrar_resultado,project_key) values ('328bf4d2-861f-4044-9758-f7e488e0d93a','Votação - Projeto Teste','teste projeto','fase1','aberta',true,'2026-05-31 06:30:30.111954+00',true,'43644152-81f1-4331-bb40-ed0d70b40cec') on conflict (id) do update set titulo=excluded.titulo, descricao=excluded.descricao, fase=excluded.fase, status=excluded.status, mostrar_ranking=excluded.mostrar_ranking, mostrar_resultado=excluded.mostrar_resultado, project_key=excluded.project_key;
insert into public.votacoes (id,titulo,descricao,fase,status,mostrar_ranking,created_at,mostrar_resultado,project_key) values ('40e155b1-8ca1-4c5b-97f5-69a23cb3b81b','Escolha de Frase Hand Banner','Escolha sua opção favorita.','final','aberta',true,'2026-06-12 10:52:34.133084+00',true,'d5c5f993-71e1-4192-a15e-cb02fa104be0') on conflict (id) do update set titulo=excluded.titulo, descricao=excluded.descricao, fase=excluded.fase, status=excluded.status, mostrar_ranking=excluded.mostrar_ranking, mostrar_resultado=excluded.mostrar_resultado, project_key=excluded.project_key;
insert into public.votacoes (id,titulo,descricao,fase,status,mostrar_ranking,created_at,mostrar_resultado,project_key) values ('43ce5e52-4443-4508-8afb-e5ed50b4f27f','Votação - handbanner','Escolha sua opção favorita.','fase1','aberta',true,'2026-05-31 06:31:29.882438+00',true,'handbanner') on conflict (id) do update set titulo=excluded.titulo, descricao=excluded.descricao, fase=excluded.fase, status=excluded.status, mostrar_ranking=excluded.mostrar_ranking, mostrar_resultado=excluded.mostrar_resultado, project_key=excluded.project_key;
insert into public.votacoes (id,titulo,descricao,fase,status,mostrar_ranking,created_at,mostrar_resultado,project_key) values ('7c3b7e56-7403-4460-a446-bf0510b0135c','Votação - a6b5398e-99ef-4fa6-b6d5-9d83a47e1c69','Escolha sua opção favorita.','fase1','aberta',false,'2026-06-12 12:06:27.517054+00',true,'bd4e816d-6b1c-4f64-9f83-75f77e9d3cfd') on conflict (id) do update set titulo=excluded.titulo, descricao=excluded.descricao, fase=excluded.fase, status=excluded.status, mostrar_ranking=excluded.mostrar_ranking, mostrar_resultado=excluded.mostrar_resultado, project_key=excluded.project_key;
insert into public.votacoes (id,titulo,descricao,fase,status,mostrar_ranking,created_at,mostrar_resultado,project_key) values ('827fe648-8149-4719-92ed-649ffcb03b6f','PROJETO TESTE','descrição','final','aberta',true,'2026-05-31 06:47:19.706602+00',true,'f8a3bb73-198c-42ea-8f34-e8b4ff15d0ee') on conflict (id) do update set titulo=excluded.titulo, descricao=excluded.descricao, fase=excluded.fase, status=excluded.status, mostrar_ranking=excluded.mostrar_ranking, mostrar_resultado=excluded.mostrar_resultado, project_key=excluded.project_key;
insert into public.votacoes (id,titulo,descricao,fase,status,mostrar_ranking,created_at,mostrar_resultado,project_key) values ('978d52ee-75fa-4ee0-8eb8-335ff1c1aef2','Votação - HAND BANNER - Envio de frases','Escolha sua opção favorita.','fase1','aberta',false,'2026-06-09 08:47:31.913031+00',true,'c54d2672-2271-4bfa-b81b-1363dd0e30dc') on conflict (id) do update set titulo=excluded.titulo, descricao=excluded.descricao, fase=excluded.fase, status=excluded.status, mostrar_ranking=excluded.mostrar_ranking, mostrar_resultado=excluded.mostrar_resultado, project_key=excluded.project_key;
insert into public.votacoes (id,titulo,descricao,fase,status,mostrar_ranking,created_at,mostrar_resultado,project_key) values ('abecec24-5b05-42bd-93c9-0c49191b71a5','Votação - a6b5398e-99ef-4fa6-b6d5-9d83a47e1c69','Escolha sua opção favorita.','fase1','aberta',true,'2026-06-12 11:59:44.451574+00',true,'a6b5398e-99ef-4fa6-b6d5-9d83a47e1c69') on conflict (id) do update set titulo=excluded.titulo, descricao=excluded.descricao, fase=excluded.fase, status=excluded.status, mostrar_ranking=excluded.mostrar_ranking, mostrar_resultado=excluded.mostrar_resultado, project_key=excluded.project_key;
insert into public.votacoes (id,titulo,descricao,fase,status,mostrar_ranking,created_at,mostrar_resultado,project_key) values ('b1c9d9a7-892f-4b8a-92af-1a6a4308959b','Votação - HAND BANNER - Envio de frases','Escolha sua opção favorita.','final','aberta',false,'2026-06-12 12:11:48.054831+00',true,'d7921b56-b112-4713-b256-9f5dc79ec0fa') on conflict (id) do update set titulo=excluded.titulo, descricao=excluded.descricao, fase=excluded.fase, status=excluded.status, mostrar_ranking=excluded.mostrar_ranking, mostrar_resultado=excluded.mostrar_resultado, project_key=excluded.project_key;
insert into public.votacoes (id,titulo,descricao,fase,status,mostrar_ranking,created_at,mostrar_resultado,project_key) values ('b331041f-7cf3-4d9e-adac-8f2faffde7e3','Votação - e9bdcb57-d46d-4f36-a72c-f14636a9ab4d','Escolha sua opção favorita.','fase1','aberta',true,'2026-06-11 18:40:05.028271+00',true,'e9bdcb57-d46d-4f36-a72c-f14636a9ab4d') on conflict (id) do update set titulo=excluded.titulo, descricao=excluded.descricao, fase=excluded.fase, status=excluded.status, mostrar_ranking=excluded.mostrar_ranking, mostrar_resultado=excluded.mostrar_resultado, project_key=excluded.project_key;
insert into public.votacoes (id,titulo,descricao,fase,status,mostrar_ranking,created_at,mostrar_resultado,project_key) values ('e324b8c0-c9c7-498c-b444-87c043bab50d','Votação - HAND BANNER - Envio de frases','Escolha sua opção favorita.','final','fechada',false,'2026-06-12 12:23:41.619532+00',true,'ef751c2d-0bb2-4f53-86c4-ad0307157bcb') on conflict (id) do update set titulo=excluded.titulo, descricao=excluded.descricao, fase=excluded.fase, status=excluded.status, mostrar_ranking=excluded.mostrar_ranking, mostrar_resultado=excluded.mostrar_resultado, project_key=excluded.project_key;
insert into public.votacoes (id,titulo,descricao,fase,status,mostrar_ranking,created_at,mostrar_resultado,project_key) values ('e4c4b355-97b0-4002-890e-bb5808bc7043','Votação - Projeto Teste','teste projeto','final','aberta',true,'2026-05-31 06:34:40.73076+00',true,'d626c2c0-5c78-47b6-b6f0-e3f81c137fed') on conflict (id) do update set titulo=excluded.titulo, descricao=excluded.descricao, fase=excluded.fase, status=excluded.status, mostrar_ranking=excluded.mostrar_ranking, mostrar_resultado=excluded.mostrar_resultado, project_key=excluded.project_key;

insert into public.opcoes_votacao (id,votacao_id,titulo,descricao,imagem_url,imagem,votos_count,votos,created_at,hb_phrase_group,hb_frase,position) values ('05508b03-8b11-4f57-88f1-5bba3e954cde','e324b8c0-c9c7-498c-b444-87c043bab50d','“Senti sua falta, esperei exatamente no lugar que prometemos.”','Explicação: Antes de irem para o exército, os membros pediram para o ARMY confiar neles e esperar no mesmo lugar. Esta frase é a resposta direta do fandom a esse pedido.',null,null,202,0,'2026-06-12 14:03:52.941805+00','frase1',1,0) on conflict (id) do update set votacao_id=excluded.votacao_id, titulo=excluded.titulo, descricao=excluded.descricao, imagem_url=excluded.imagem_url, imagem=excluded.imagem, votos_count=excluded.votos_count, votos=excluded.votos, hb_phrase_group=excluded.hb_phrase_group, hb_frase=excluded.hb_frase, position=excluded.position;
insert into public.opcoes_votacao (id,votacao_id,titulo,descricao,imagem_url,imagem,votos_count,votos,created_at,hb_phrase_group,hb_frase,position) values ('083b1002-5079-40b8-9288-66818212a8c1','b1c9d9a7-892f-4b8a-92af-1a6a4308959b','TESTE 02',null,null,null,0,0,'2026-06-12 12:12:07.303828+00','frase1',1,0) on conflict (id) do update set votacao_id=excluded.votacao_id, titulo=excluded.titulo, descricao=excluded.descricao, imagem_url=excluded.imagem_url, imagem=excluded.imagem, votos_count=excluded.votos_count, votos=excluded.votos, hb_phrase_group=excluded.hb_phrase_group, hb_frase=excluded.hb_frase, position=excluded.position;
insert into public.opcoes_votacao (id,votacao_id,titulo,descricao,imagem_url,imagem,votos_count,votos,created_at,hb_phrase_group,hb_frase,position) values ('09b3b3ef-3900-4035-a84a-57e6aebfe329','e324b8c0-c9c7-498c-b444-87c043bab50d','”Obrigada por me encontrarem, BTS.”','Explicação: Eles mudaram a minha vida, e me ajudaram a me conhecer.',null,null,43,0,'2026-06-12 14:08:53.256161+00','frase1',1,0) on conflict (id) do update set votacao_id=excluded.votacao_id, titulo=excluded.titulo, descricao=excluded.descricao, imagem_url=excluded.imagem_url, imagem=excluded.imagem, votos_count=excluded.votos_count, votos=excluded.votos, hb_phrase_group=excluded.hb_phrase_group, hb_frase=excluded.hb_frase, position=excluded.position;
insert into public.opcoes_votacao (id,votacao_id,titulo,descricao,imagem_url,imagem,votos_count,votos,created_at,hb_phrase_group,hb_frase,position) values ('0a9926e8-fa72-4bae-91ca-977dd869a668','e324b8c0-c9c7-498c-b444-87c043bab50d','"Quando o bangtan está no Brasil, é FYA!"','Explicação: Quando os meninos estão aqui, parece que tudo está um caos (em um bom sentido). Vamos à loucura por e com eles.',null,null,140,0,'2026-06-12 14:10:26.755564+00','frase1',1,0) on conflict (id) do update set votacao_id=excluded.votacao_id, titulo=excluded.titulo, descricao=excluded.descricao, imagem_url=excluded.imagem_url, imagem=excluded.imagem, votos_count=excluded.votos_count, votos=excluded.votos, hb_phrase_group=excluded.hb_phrase_group, hb_frase=excluded.hb_frase, position=excluded.position;
insert into public.opcoes_votacao (id,votacao_id,titulo,descricao,imagem_url,imagem,votos_count,votos,created_at,hb_phrase_group,hb_frase,position) values ('15202a75-2a50-4787-9768-56acb40076ec','e324b8c0-c9c7-498c-b444-87c043bab50d','“Sete anos depois, juntos novamente sob a mesma lua".','Explicação: Nós que vivemos do outro lado do mundo, temos a impressão de nos sentir mais distantes do que todos os outros porquê não olhamos o mesmo sol ou a mesma lua que os meninos. Essa frase busca representar que estaremos olhando pra mesma lua ao mesmo tempo e também que isso aconteceu mesmo depois de tanto tempo de espera.',null,null,111,0,'2026-06-12 14:11:31.378322+00','frase1',1,0) on conflict (id) do update set votacao_id=excluded.votacao_id, titulo=excluded.titulo, descricao=excluded.descricao, imagem_url=excluded.imagem_url, imagem=excluded.imagem, votos_count=excluded.votos_count, votos=excluded.votos, hb_phrase_group=excluded.hb_phrase_group, hb_frase=excluded.hb_frase, position=excluded.position;
insert into public.opcoes_votacao (id,votacao_id,titulo,descricao,imagem_url,imagem,votos_count,votos,created_at,hb_phrase_group,hb_frase,position) values ('1921b5c4-cb4d-4e5f-aa45-07d89ab75d88','e324b8c0-c9c7-498c-b444-87c043bab50d','“BTS é o amor que cura.”','Explicação: O amor que o BTS transmite é como um remédio que cura todas as dores e traumas; eles nos curaram e ainda curam, todos os dias.',null,null,32,0,'2026-06-12 14:05:29.433509+00','frase1',1,0) on conflict (id) do update set votacao_id=excluded.votacao_id, titulo=excluded.titulo, descricao=excluded.descricao, imagem_url=excluded.imagem_url, imagem=excluded.imagem, votos_count=excluded.votos_count, votos=excluded.votos, hb_phrase_group=excluded.hb_phrase_group, hb_frase=excluded.hb_frase, position=excluded.position;
insert into public.opcoes_votacao (id,votacao_id,titulo,descricao,imagem_url,imagem,votos_count,votos,created_at,hb_phrase_group,hb_frase,position) values ('1c399a2c-cfb9-4ca5-a6a9-d03b0628f8fe','e324b8c0-c9c7-498c-b444-87c043bab50d','"Juntos nadamos contra a correnteza, próximos do amanhã."','Explicação: Fazendo referência a “Swim” e “Tomorrow”, que nos ensina a não atropelarmos o presente e que o amanhã sempre chega.',null,null,31,0,'2026-06-12 14:06:02.851108+00','frase1',1,0) on conflict (id) do update set votacao_id=excluded.votacao_id, titulo=excluded.titulo, descricao=excluded.descricao, imagem_url=excluded.imagem_url, imagem=excluded.imagem, votos_count=excluded.votos_count, votos=excluded.votos, hb_phrase_group=excluded.hb_phrase_group, hb_frase=excluded.hb_frase, position=excluded.position;
insert into public.opcoes_votacao (id,votacao_id,titulo,descricao,imagem_url,imagem,votos_count,votos,created_at,hb_phrase_group,hb_frase,position) values ('1fe1550c-6121-4043-8460-6df035e00083','e324b8c0-c9c7-498c-b444-87c043bab50d','"Nos encontraram como estranhos. Nos uniram como família."','Explicação: Antes de conhecer o BTS, cada ARMY era apenas uma pessoa qualquer vivendo sua própria vida. Quando conheceram o BTS, eles formaram uma comunidade que vai muito além de fãs. Pessoas de lugares diferentes passaram a se conectar e compartilhar suas experiências graças ao mesmo amor pelo BTS.',null,null,43,0,'2026-06-12 14:12:01.916185+00','frase1',1,0) on conflict (id) do update set votacao_id=excluded.votacao_id, titulo=excluded.titulo, descricao=excluded.descricao, imagem_url=excluded.imagem_url, imagem=excluded.imagem, votos_count=excluded.votos_count, votos=excluded.votos, hb_phrase_group=excluded.hb_phrase_group, hb_frase=excluded.hb_frase, position=excluded.position;
insert into public.opcoes_votacao (id,votacao_id,titulo,descricao,imagem_url,imagem,votos_count,votos,created_at,hb_phrase_group,hb_frase,position) values ('20de3861-e0c8-4a5e-a176-2a502ad185f4','e324b8c0-c9c7-498c-b444-87c043bab50d','“Nosso amor atravessou oceanos. Vamos nadar juntos em direção ao Sol.”','Explicação: A primeira parte é sobre a Coreia e o Brasil estarem em lados opostos do globo e fala sobre o nosso amor superar qualquer barreira. A segunda parte é um jogo de palavras com “Swim” e “Into The Sun”, que dá continuidade à primeira parte da frase.',null,null,726,0,'2026-06-12 14:09:02.310218+00','frase1',1,0) on conflict (id) do update set votacao_id=excluded.votacao_id, titulo=excluded.titulo, descricao=excluded.descricao, imagem_url=excluded.imagem_url, imagem=excluded.imagem, votos_count=excluded.votos_count, votos=excluded.votos, hb_phrase_group=excluded.hb_phrase_group, hb_frase=excluded.hb_frase, position=excluded.position;
insert into public.opcoes_votacao (id,votacao_id,titulo,descricao,imagem_url,imagem,votos_count,votos,created_at,hb_phrase_group,hb_frase,position) values ('24563ea0-294c-4592-8867-c46d95d26692','e324b8c0-c9c7-498c-b444-87c043bab50d','"De Seul ao Brasil, nosso coração continua o mesmo."','Explicação: A frase simboliza a conexão entre BTS e ARMY que permaneceu forte ao longo dos anos, independentemente da distância entre Coreia do Sul e Brasil. A mensagem celebra o reencontro após anos de espera e destaca que o amor compartilhado atravessa oceanos, idiomas e fronteiras.',null,null,62,0,'2026-06-12 14:09:18.292689+00','frase1',1,0) on conflict (id) do update set votacao_id=excluded.votacao_id, titulo=excluded.titulo, descricao=excluded.descricao, imagem_url=excluded.imagem_url, imagem=excluded.imagem, votos_count=excluded.votos_count, votos=excluded.votos, hb_phrase_group=excluded.hb_phrase_group, hb_frase=excluded.hb_frase, position=excluded.position;
insert into public.opcoes_votacao (id,votacao_id,titulo,descricao,imagem_url,imagem,votos_count,votos,created_at,hb_phrase_group,hb_frase,position) values ('2836d975-9107-41ea-a770-00824daa03e6','e324b8c0-c9c7-498c-b444-87c043bab50d','“Vocês cresceram conosco. Nós crescemos com vocês.”','Explicação: Destaca a jornada compartilhada ao longo dos anos.',null,null,46,0,'2026-06-12 14:07:51.008786+00','frase1',1,0) on conflict (id) do update set votacao_id=excluded.votacao_id, titulo=excluded.titulo, descricao=excluded.descricao, imagem_url=excluded.imagem_url, imagem=excluded.imagem, votos_count=excluded.votos_count, votos=excluded.votos, hb_phrase_group=excluded.hb_phrase_group, hb_frase=excluded.hb_frase, position=excluded.position;
insert into public.opcoes_votacao (id,votacao_id,titulo,descricao,imagem_url,imagem,votos_count,votos,created_at,hb_phrase_group,hb_frase,position) values ('2d84fcb4-ea2b-4671-9c11-2e73afb3111b','e324b8c0-c9c7-498c-b444-87c043bab50d','"Esperamos por vocês todos os dias."','Explicação: A frase representa o sentimento mútuo do ARMY durante o período em que o BTS esteve focado nas atividades individuais, e, principalmente, durante o serviço militar.',null,null,37,0,'2026-06-12 14:14:30.012493+00','frase1',1,0) on conflict (id) do update set votacao_id=excluded.votacao_id, titulo=excluded.titulo, descricao=excluded.descricao, imagem_url=excluded.imagem_url, imagem=excluded.imagem, votos_count=excluded.votos_count, votos=excluded.votos, hb_phrase_group=excluded.hb_phrase_group, hb_frase=excluded.hb_frase, position=excluded.position;
insert into public.opcoes_votacao (id,votacao_id,titulo,descricao,imagem_url,imagem,votos_count,votos,created_at,hb_phrase_group,hb_frase,position) values ('306fb254-8453-4cc6-9e0b-b571d6e346c1','e324b8c0-c9c7-498c-b444-87c043bab50d','"Depois de sete anos, nos reencontramos com nossos sete neste dia de primavera."','Explicação: Essa frase sintetiza a jornada de saudade e esperança do ARMY ao unir o simbolismo do número 7, que representa a união inquebrável dos sete membros do BTS, à metáfora central da música "Spring Day". Ao descrever o reencontro como um "dia de primavera", nós transformamos o período de separação em um inverno que finalmente termina, celebrando o fim da longa espera que está florescendo após nosso reencontro com o Bangtan.',null,null,42,0,'2026-06-12 14:16:01.285839+00','frase1',1,0) on conflict (id) do update set votacao_id=excluded.votacao_id, titulo=excluded.titulo, descricao=excluded.descricao, imagem_url=excluded.imagem_url, imagem=excluded.imagem, votos_count=excluded.votos_count, votos=excluded.votos, hb_phrase_group=excluded.hb_phrase_group, hb_frase=excluded.hb_frase, position=excluded.position;
insert into public.opcoes_votacao (id,votacao_id,titulo,descricao,imagem_url,imagem,votos_count,votos,created_at,hb_phrase_group,hb_frase,position) values ('320c54c1-7bb1-4189-8977-09333d43ea10','b331041f-7cf3-4d9e-adac-8f2faffde7e3','FRASE 4',null,null,null,0,0,'2026-06-11 18:40:45.824945+00','frase1',1,0) on conflict (id) do update set votacao_id=excluded.votacao_id, titulo=excluded.titulo, descricao=excluded.descricao, imagem_url=excluded.imagem_url, imagem=excluded.imagem, votos_count=excluded.votos_count, votos=excluded.votos, hb_phrase_group=excluded.hb_phrase_group, hb_frase=excluded.hb_frase, position=excluded.position;
insert into public.opcoes_votacao (id,votacao_id,titulo,descricao,imagem_url,imagem,votos_count,votos,created_at,hb_phrase_group,hb_frase,position) values ('33930781-8066-446d-a54d-6b9a5ae85fc9','2eb93c76-66ee-42da-ab41-f6a269e18d6e','vote aqui',null,null,null,0,0,'2026-05-31 06:11:31.935942+00','frase1',1,0) on conflict (id) do update set votacao_id=excluded.votacao_id, titulo=excluded.titulo, descricao=excluded.descricao, imagem_url=excluded.imagem_url, imagem=excluded.imagem, votos_count=excluded.votos_count, votos=excluded.votos, hb_phrase_group=excluded.hb_phrase_group, hb_frase=excluded.hb_frase, position=excluded.position;
insert into public.opcoes_votacao (id,votacao_id,titulo,descricao,imagem_url,imagem,votos_count,votos,created_at,hb_phrase_group,hb_frase,position) values ('3477c532-9f28-4d95-b61c-88bd279e4f8f','e324b8c0-c9c7-498c-b444-87c043bab50d','"Vocês transformam a escuridão em luz."','Explicação: Referência à Into the Sun, pois nos nossos momentos ruins eles sempre estão conosco para nos guiar até a luz.',null,null,33,0,'2026-06-12 14:09:10.468367+00','frase1',1,0) on conflict (id) do update set votacao_id=excluded.votacao_id, titulo=excluded.titulo, descricao=excluded.descricao, imagem_url=excluded.imagem_url, imagem=excluded.imagem, votos_count=excluded.votos_count, votos=excluded.votos, hb_phrase_group=excluded.hb_phrase_group, hb_frase=excluded.hb_frase, position=excluded.position;
insert into public.opcoes_votacao (id,votacao_id,titulo,descricao,imagem_url,imagem,votos_count,votos,created_at,hb_phrase_group,hb_frase,position) values ('3c4644b5-9f4a-4214-9f08-ea248ce32a00','978d52ee-75fa-4ee0-8eb8-335ff1c1aef2','TESTE 2',null,null,null,19,0,'2026-06-12 12:10:43.36629+00','frase1',1,0) on conflict (id) do update set votacao_id=excluded.votacao_id, titulo=excluded.titulo, descricao=excluded.descricao, imagem_url=excluded.imagem_url, imagem=excluded.imagem, votos_count=excluded.votos_count, votos=excluded.votos, hb_phrase_group=excluded.hb_phrase_group, hb_frase=excluded.hb_frase, position=excluded.position;
insert into public.opcoes_votacao (id,votacao_id,titulo,descricao,imagem_url,imagem,votos_count,votos,created_at,hb_phrase_group,hb_frase,position) values ('3faae27b-3221-4ff4-9aec-5e9e2ae8a7e7','e324b8c0-c9c7-498c-b444-87c043bab50d','"Nosso amor por vocês não tem fim, nem fronteiras."','Explicação: Assim é o amor do B-ARMY pelo BTS. Ele vai além de fronteiras, idades e gerações! Um amor que não tem como calcular, por isso ele não tem fim.',null,null,33,0,'2026-06-12 14:16:09.412981+00','frase1',1,0) on conflict (id) do update set votacao_id=excluded.votacao_id, titulo=excluded.titulo, descricao=excluded.descricao, imagem_url=excluded.imagem_url, imagem=excluded.imagem, votos_count=excluded.votos_count, votos=excluded.votos, hb_phrase_group=excluded.hb_phrase_group, hb_frase=excluded.hb_frase, position=excluded.position;
insert into public.opcoes_votacao (id,votacao_id,titulo,descricao,imagem_url,imagem,votos_count,votos,created_at,hb_phrase_group,hb_frase,position) values ('3fc7e55d-0073-45cd-923a-a8ceda661cc7','e324b8c0-c9c7-498c-b444-87c043bab50d','“Suas canções conectaram os dois lados do globo.”','Explicação: Remete à distância entre o Brasil e a Coreia, e ao fato de que nos unimos pela música do BTS.',null,null,33,0,'2026-06-12 14:04:33.956378+00','frase1',1,0) on conflict (id) do update set votacao_id=excluded.votacao_id, titulo=excluded.titulo, descricao=excluded.descricao, imagem_url=excluded.imagem_url, imagem=excluded.imagem, votos_count=excluded.votos_count, votos=excluded.votos, hb_phrase_group=excluded.hb_phrase_group, hb_frase=excluded.hb_frase, position=excluded.position;
insert into public.opcoes_votacao (id,votacao_id,titulo,descricao,imagem_url,imagem,votos_count,votos,created_at,hb_phrase_group,hb_frase,position) values ('40f550e4-3466-47d5-bd14-ae1e609447f1','e324b8c0-c9c7-498c-b444-87c043bab50d','"Obrigada por não desistirem.”','Explicação: O começo da carreira deles foi muito desafiador, mas eles não desistiram e, graças a isso, hoje estão com uma carreira de sucesso, salvando várias pessoas através de suas músicas.',null,null,63,0,'2026-06-12 14:13:15.400121+00','frase1',1,0) on conflict (id) do update set votacao_id=excluded.votacao_id, titulo=excluded.titulo, descricao=excluded.descricao, imagem_url=excluded.imagem_url, imagem=excluded.imagem, votos_count=excluded.votos_count, votos=excluded.votos, hb_phrase_group=excluded.hb_phrase_group, hb_frase=excluded.hb_frase, position=excluded.position;
insert into public.opcoes_votacao (id,votacao_id,titulo,descricao,imagem_url,imagem,votos_count,votos,created_at,hb_phrase_group,hb_frase,position) values ('4152d9a4-afb8-4004-93e3-dd84522145dd','e324b8c0-c9c7-498c-b444-87c043bab50d','Como Arirang, nossas almas encontraram o caminho de volta umas para as outras.','Explicação: Inspirada no significado de Arirang, a frase representa a força dos laços que permanecem mesmo diante da distância e do tempo. Assim como na canção, ela simboliza a conexão duradoura entre BTS e ARMY. A ideia de que "nossas almas encontraram o caminho de volta umas para as outras" traduz a emoção de um reencontro esperado por anos e pela permanência desse vínculo.',null,null,301,0,'2026-06-12 14:13:23.369758+00','frase1',1,0) on conflict (id) do update set votacao_id=excluded.votacao_id, titulo=excluded.titulo, descricao=excluded.descricao, imagem_url=excluded.imagem_url, imagem=excluded.imagem, votos_count=excluded.votos_count, votos=excluded.votos, hb_phrase_group=excluded.hb_phrase_group, hb_frase=excluded.hb_frase, position=excluded.position;
insert into public.opcoes_votacao (id,votacao_id,titulo,descricao,imagem_url,imagem,votos_count,votos,created_at,hb_phrase_group,hb_frase,position) values ('43bfd3e7-7c63-4631-bf9c-12365b63f0a3','b331041f-7cf3-4d9e-adac-8f2faffde7e3','frase 02','sjshfwldçudiqUHEQEUHIFQEU',null,null,0,0,'2026-06-11 18:40:30.059616+00','frase1',1,0) on conflict (id) do update set votacao_id=excluded.votacao_id, titulo=excluded.titulo, descricao=excluded.descricao, imagem_url=excluded.imagem_url, imagem=excluded.imagem, votos_count=excluded.votos_count, votos=excluded.votos, hb_phrase_group=excluded.hb_phrase_group, hb_frase=excluded.hb_frase, position=excluded.position;
insert into public.opcoes_votacao (id,votacao_id,titulo,descricao,imagem_url,imagem,votos_count,votos,created_at,hb_phrase_group,hb_frase,position) values ('45bcec88-e4a6-4107-aa95-abf0ea9ec3b1','e324b8c0-c9c7-498c-b444-87c043bab50d','"Nossa canção de amor é o BTS."','Explicação: Resposta à “What''s your love song?”',null,null,267,0,'2026-06-12 14:08:14.945694+00','frase1',1,0) on conflict (id) do update set votacao_id=excluded.votacao_id, titulo=excluded.titulo, descricao=excluded.descricao, imagem_url=excluded.imagem_url, imagem=excluded.imagem, votos_count=excluded.votos_count, votos=excluded.votos, hb_phrase_group=excluded.hb_phrase_group, hb_frase=excluded.hb_frase, position=excluded.position;
insert into public.opcoes_votacao (id,votacao_id,titulo,descricao,imagem_url,imagem,votos_count,votos,created_at,hb_phrase_group,hb_frase,position) values ('471d284c-e9b5-442a-a89e-2b24d01ded66','e324b8c0-c9c7-498c-b444-87c043bab50d','"Mesmo distantes, as B-ARMYs esperaram pelo amanhecer."','Explicação: A frase é inspirada no verso ''I don''t care, how far just wait, dawn'' de Into The Sun, traduz o sentimento de espera das b-armys pelo BTS, que apesar da distância, nós esperamos pelo amanhecer, que seria nosso reencontro com o BTS.',null,null,93,0,'2026-06-12 14:14:03.290659+00','frase1',1,0) on conflict (id) do update set votacao_id=excluded.votacao_id, titulo=excluded.titulo, descricao=excluded.descricao, imagem_url=excluded.imagem_url, imagem=excluded.imagem, votos_count=excluded.votos_count, votos=excluded.votos, hb_phrase_group=excluded.hb_phrase_group, hb_frase=excluded.hb_frase, position=excluded.position;
insert into public.opcoes_votacao (id,votacao_id,titulo,descricao,imagem_url,imagem,votos_count,votos,created_at,hb_phrase_group,hb_frase,position) values ('47978142-d0c6-4001-bc98-c0cfd5dc3c60','e324b8c0-c9c7-498c-b444-87c043bab50d','"Vocês são o sol que encontramos nos dias sombrios."','Explicação: Referência à "Into the Sun": "You call, I run, dark days and find the sun"',null,null,206,0,'2026-06-12 14:15:38.943849+00','frase1',1,0) on conflict (id) do update set votacao_id=excluded.votacao_id, titulo=excluded.titulo, descricao=excluded.descricao, imagem_url=excluded.imagem_url, imagem=excluded.imagem, votos_count=excluded.votos_count, votos=excluded.votos, hb_phrase_group=excluded.hb_phrase_group, hb_frase=excluded.hb_frase, position=excluded.position;
insert into public.opcoes_votacao (id,votacao_id,titulo,descricao,imagem_url,imagem,votos_count,votos,created_at,hb_phrase_group,hb_frase,position) values ('4b666439-efa2-46cb-b289-205fc715c975','827fe648-8149-4719-92ed-649ffcb03b6f','VOTE NÃO',null,null,null,3,3,'2026-05-31 06:48:16.793573+00','frase1',1,0) on conflict (id) do update set votacao_id=excluded.votacao_id, titulo=excluded.titulo, descricao=excluded.descricao, imagem_url=excluded.imagem_url, imagem=excluded.imagem, votos_count=excluded.votos_count, votos=excluded.votos, hb_phrase_group=excluded.hb_phrase_group, hb_frase=excluded.hb_frase, position=excluded.position;
insert into public.opcoes_votacao (id,votacao_id,titulo,descricao,imagem_url,imagem,votos_count,votos,created_at,hb_phrase_group,hb_frase,position) values ('4ca1f023-b011-41fe-9019-bbbf57aa7c8f','e324b8c0-c9c7-498c-b444-87c043bab50d','"O inverno passou e a nossa primavera finalmente chegou."','Explicação: Inspirada na letra de "Spring Day", a frase representa o fim do período de espera e do "inverno" que o fandom viveu longe do BTS. É uma forma de dizer que o reencontro deles com o B-ARMY marca o início de uma nova fase feliz e florida para todos nós.',null,null,72,0,'2026-06-12 14:10:05.614207+00','frase1',1,0) on conflict (id) do update set votacao_id=excluded.votacao_id, titulo=excluded.titulo, descricao=excluded.descricao, imagem_url=excluded.imagem_url, imagem=excluded.imagem, votos_count=excluded.votos_count, votos=excluded.votos, hb_phrase_group=excluded.hb_phrase_group, hb_frase=excluded.hb_frase, position=excluded.position;
insert into public.opcoes_votacao (id,votacao_id,titulo,descricao,imagem_url,imagem,votos_count,votos,created_at,hb_phrase_group,hb_frase,position) values ('4d2ecca6-8eb8-4a69-b896-a924991a495d','40e155b1-8ca1-4c5b-97f5-69a23cb3b81b','frase 3',null,null,null,3,3,'2026-06-12 10:56:45.697496+00','frase1',1,0) on conflict (id) do update set votacao_id=excluded.votacao_id, titulo=excluded.titulo, descricao=excluded.descricao, imagem_url=excluded.imagem_url, imagem=excluded.imagem, votos_count=excluded.votos_count, votos=excluded.votos, hb_phrase_group=excluded.hb_phrase_group, hb_frase=excluded.hb_frase, position=excluded.position;
insert into public.opcoes_votacao (id,votacao_id,titulo,descricao,imagem_url,imagem,votos_count,votos,created_at,hb_phrase_group,hb_frase,position) values ('52f0d9c7-03ef-44ad-ba86-5fca299ea778','e324b8c0-c9c7-498c-b444-87c043bab50d','Sob o mesmo sol, nossa promessa eterna ganha vida outra vez.','Explicação:​ A ideia é usar a metáfora do sol de "into the sun" para falar sobre o nosso reencontro. Depois de tanto tempo esperando o retorno deles, o show é o momento onde a nossa promessa eterna com eles se torna realidade outra vez.',null,null,48,0,'2026-06-12 14:14:10.969586+00','frase1',1,0) on conflict (id) do update set votacao_id=excluded.votacao_id, titulo=excluded.titulo, descricao=excluded.descricao, imagem_url=excluded.imagem_url, imagem=excluded.imagem, votos_count=excluded.votos_count, votos=excluded.votos, hb_phrase_group=excluded.hb_phrase_group, hb_frase=excluded.hb_frase, position=excluded.position;
insert into public.opcoes_votacao (id,votacao_id,titulo,descricao,imagem_url,imagem,votos_count,votos,created_at,hb_phrase_group,hb_frase,position) values ('5f0fcda9-fda6-46d3-9fa6-07a90fec0c4a','e324b8c0-c9c7-498c-b444-87c043bab50d','“O sol brilha ainda mais forte quando estou com vocês"','Explicação: A frase está relacionada a música “into the sun” e em como ela se comunica entres os meninos e nos armys . Se relaciona também com o brilho existente em ver eles e entre o fandom e eles.',null,null,46,0,'2026-06-12 14:11:21.462976+00','frase1',1,0) on conflict (id) do update set votacao_id=excluded.votacao_id, titulo=excluded.titulo, descricao=excluded.descricao, imagem_url=excluded.imagem_url, imagem=excluded.imagem, votos_count=excluded.votos_count, votos=excluded.votos, hb_phrase_group=excluded.hb_phrase_group, hb_frase=excluded.hb_frase, position=excluded.position;
insert into public.opcoes_votacao (id,votacao_id,titulo,descricao,imagem_url,imagem,votos_count,votos,created_at,hb_phrase_group,hb_frase,position) values ('5f42faf1-d9f7-4fa0-a938-b8ab4937cdb0','e324b8c0-c9c7-498c-b444-87c043bab50d','“Hoje e sempre, seguiremos juntos em direção ao sol.”','Explicação: Referência à música "Into the Sun", principalmente ao trecho que fala "Vou te proteger e vamos seguir em direção ao Sol". A intenção é transmitir que nós, como ARMY, continuaremos caminhando ao lado do BTS, acompanhando-os em sua jornada e seguindo juntos em direção aos seus sonhos e conquistas.',null,null,947,0,'2026-06-12 14:04:55.70744+00','frase1',1,0) on conflict (id) do update set votacao_id=excluded.votacao_id, titulo=excluded.titulo, descricao=excluded.descricao, imagem_url=excluded.imagem_url, imagem=excluded.imagem, votos_count=excluded.votos_count, votos=excluded.votos, hb_phrase_group=excluded.hb_phrase_group, hb_frase=excluded.hb_frase, position=excluded.position;
insert into public.opcoes_votacao (id,votacao_id,titulo,descricao,imagem_url,imagem,votos_count,votos,created_at,hb_phrase_group,hb_frase,position) values ('5f687971-827c-4402-a5cd-fa015494a471','e324b8c0-c9c7-498c-b444-87c043bab50d','"Toda vez que eu vou até você, os meus problemas se tornam mais leves."','Explicação: Através desses 13 anos de carreira eles ajudaram muitas pessoas a superarem problemas, principalmente emocionais, e essa frase é para mostrar o poder que o BTS têm de fazer nossos problemas ficarem mais leves.',null,null,30,0,'2026-06-12 14:12:58.573006+00','frase1',1,0) on conflict (id) do update set votacao_id=excluded.votacao_id, titulo=excluded.titulo, descricao=excluded.descricao, imagem_url=excluded.imagem_url, imagem=excluded.imagem, votos_count=excluded.votos_count, votos=excluded.votos, hb_phrase_group=excluded.hb_phrase_group, hb_frase=excluded.hb_frase, position=excluded.position;
insert into public.opcoes_votacao (id,votacao_id,titulo,descricao,imagem_url,imagem,votos_count,votos,created_at,hb_phrase_group,hb_frase,position) values ('641387ef-d76a-47a3-99d3-6a48eda3ffd9','e324b8c0-c9c7-498c-b444-87c043bab50d','“Nós nunca saímos”/”Nós nunca fomos embora”','Explicação: É uma resposta à um trecho de  “Come Over”.',null,null,443,0,'2026-06-12 14:13:07.744093+00','frase1',1,0) on conflict (id) do update set votacao_id=excluded.votacao_id, titulo=excluded.titulo, descricao=excluded.descricao, imagem_url=excluded.imagem_url, imagem=excluded.imagem, votos_count=excluded.votos_count, votos=excluded.votos, hb_phrase_group=excluded.hb_phrase_group, hb_frase=excluded.hb_frase, position=excluded.position;
insert into public.opcoes_votacao (id,votacao_id,titulo,descricao,imagem_url,imagem,votos_count,votos,created_at,hb_phrase_group,hb_frase,position) values ('65aa8235-d473-4a13-b6b4-54abe426720e','e324b8c0-c9c7-498c-b444-87c043bab50d','"As suas músicas curaram minha alma."','Explicação: Essa frase remete à como o BTS faz parte da vida de muitas pessoas, cuidando e curando a alma dos fãs.',null,null,36,0,'2026-06-12 14:10:16.134047+00','frase1',1,0) on conflict (id) do update set votacao_id=excluded.votacao_id, titulo=excluded.titulo, descricao=excluded.descricao, imagem_url=excluded.imagem_url, imagem=excluded.imagem, votos_count=excluded.votos_count, votos=excluded.votos, hb_phrase_group=excluded.hb_phrase_group, hb_frase=excluded.hb_frase, position=excluded.position;
insert into public.opcoes_votacao (id,votacao_id,titulo,descricao,imagem_url,imagem,votos_count,votos,created_at,hb_phrase_group,hb_frase,position) values ('6632e038-6933-4a6c-9f56-baa38a9f999c','e324b8c0-c9c7-498c-b444-87c043bab50d','O mundo nos separou, mas nossos corações sempre estiveram juntos.','Explicação: É inspirada principalmente em “Please”, na conexão emocional que permanece mesmo quando as circunstâncias afastam as pessoas. Em um vínculo e desejo de estar perto que nem o mundo é capaz de superar. Também pode ser uma resposta ao verso “You’ll never love me like the way you did before“ de Come Over, que apesar do tempo que passou e tudo que mudou, o amor permanece.',null,null,42,0,'2026-06-12 14:15:22.636102+00','frase1',1,0) on conflict (id) do update set votacao_id=excluded.votacao_id, titulo=excluded.titulo, descricao=excluded.descricao, imagem_url=excluded.imagem_url, imagem=excluded.imagem, votos_count=excluded.votos_count, votos=excluded.votos, hb_phrase_group=excluded.hb_phrase_group, hb_frase=excluded.hb_frase, position=excluded.position;
insert into public.opcoes_votacao (id,votacao_id,titulo,descricao,imagem_url,imagem,votos_count,votos,created_at,hb_phrase_group,hb_frase,position) values ('6bc1d6f1-6ab5-4dd8-8171-6db1a5ae4350','e324b8c0-c9c7-498c-b444-87c043bab50d','"Ao fim do longo inverno, a nossa primavera finalmente voltou para casa."','Explicação: Ela representa a longa e dolorosa espera (o inverno) do fandom brasileiro pelo retorno dos meninos. Dizer que "a primavera finalmente voltou para casa" significa que, com o retorno do BTS ao Brasil, o frio da saudade acabou e eles estão de volta ao lugar onde são profundamente amados e acolhidos.',null,null,819,0,'2026-06-12 14:04:23.967512+00','frase1',1,0) on conflict (id) do update set votacao_id=excluded.votacao_id, titulo=excluded.titulo, descricao=excluded.descricao, imagem_url=excluded.imagem_url, imagem=excluded.imagem, votos_count=excluded.votos_count, votos=excluded.votos, hb_phrase_group=excluded.hb_phrase_group, hb_frase=excluded.hb_frase, position=excluded.position;
insert into public.opcoes_votacao (id,votacao_id,titulo,descricao,imagem_url,imagem,votos_count,votos,created_at,hb_phrase_group,hb_frase,position) values ('6e59c4cf-9e5e-4915-8724-b239b57e2ee9','e324b8c0-c9c7-498c-b444-87c043bab50d','“Obrigada por serem o nosso conforto quando precisávamos de força.”','Explicação: Nem sempre precisávamos que alguém resolvesse os nossos problemas; às vezes, só precisávamos de conforto para continuar. Essa frase é um agradecimento ao BTS por oferecerem esse conforto para milhões de pessoas através das suas músicas e mensagens.',null,null,56,0,'2026-06-12 14:09:36.793014+00','frase1',1,0) on conflict (id) do update set votacao_id=excluded.votacao_id, titulo=excluded.titulo, descricao=excluded.descricao, imagem_url=excluded.imagem_url, imagem=excluded.imagem, votos_count=excluded.votos_count, votos=excluded.votos, hb_phrase_group=excluded.hb_phrase_group, hb_frase=excluded.hb_frase, position=excluded.position;
insert into public.opcoes_votacao (id,votacao_id,titulo,descricao,imagem_url,imagem,votos_count,votos,created_at,hb_phrase_group,hb_frase,position) values ('6feebded-b855-47e5-9e6b-02832c4c9b22','e324b8c0-c9c7-498c-b444-87c043bab50d','“Obrigado por navegarem de volta até nós depois desses 7 anos.”','Explicação: Receber o BTS de volta ao Brasil após a sua última passagem, há 7 anos, é o marco do encontro de almas que sempre foram destinadas a estar juntas. Esperamos por um amor que sempre foi maior que a distância e que agora navegará de volta para casa: para as ARMYs.',null,null,673,0,'2026-06-12 14:07:03.833092+00','frase1',1,0) on conflict (id) do update set votacao_id=excluded.votacao_id, titulo=excluded.titulo, descricao=excluded.descricao, imagem_url=excluded.imagem_url, imagem=excluded.imagem, votos_count=excluded.votos_count, votos=excluded.votos, hb_phrase_group=excluded.hb_phrase_group, hb_frase=excluded.hb_frase, position=excluded.position;
insert into public.opcoes_votacao (id,votacao_id,titulo,descricao,imagem_url,imagem,votos_count,votos,created_at,hb_phrase_group,hb_frase,position) values ('7174453f-ada1-4616-9794-b3d70654e21e','abecec24-5b05-42bd-93c9-0c49191b71a5','teste teste teste teste','teste teste teste teste',null,null,0,0,'2026-06-12 11:59:44.785831+00','frase1',1,0) on conflict (id) do update set votacao_id=excluded.votacao_id, titulo=excluded.titulo, descricao=excluded.descricao, imagem_url=excluded.imagem_url, imagem=excluded.imagem, votos_count=excluded.votos_count, votos=excluded.votos, hb_phrase_group=excluded.hb_phrase_group, hb_frase=excluded.hb_frase, position=excluded.position;
insert into public.opcoes_votacao (id,votacao_id,titulo,descricao,imagem_url,imagem,votos_count,votos,created_at,hb_phrase_group,hb_frase,position) values ('759e81b4-01b6-4bdd-8f05-21b2ea2daf21','40e155b1-8ca1-4c5b-97f5-69a23cb3b81b','frase dois','descrição',null,null,4,4,'2026-06-12 10:53:13.575633+00','frase1',1,0) on conflict (id) do update set votacao_id=excluded.votacao_id, titulo=excluded.titulo, descricao=excluded.descricao, imagem_url=excluded.imagem_url, imagem=excluded.imagem, votos_count=excluded.votos_count, votos=excluded.votos, hb_phrase_group=excluded.hb_phrase_group, hb_frase=excluded.hb_frase, position=excluded.position;
insert into public.opcoes_votacao (id,votacao_id,titulo,descricao,imagem_url,imagem,votos_count,votos,created_at,hb_phrase_group,hb_frase,position) values ('79f7d16d-6394-41e7-946d-0e1ea9fe00bb','e324b8c0-c9c7-498c-b444-87c043bab50d','“Nosso amor floresceu mesmo durante o inverno.”','Explicação: Inspirada em Spring Day, a música retrata o inverno como uma metáfora da saudade. A espera é tão dolorosa que mesmo sendo verão nos sentimos vazios e gelados. Quando dizemos que florescemos mesmo durante o inverno, significa que apesar da saudade apertar, nosso amor cresceu (floresceu) ainda mais.',null,null,110,0,'2026-06-12 14:04:45.298142+00','frase1',1,0) on conflict (id) do update set votacao_id=excluded.votacao_id, titulo=excluded.titulo, descricao=excluded.descricao, imagem_url=excluded.imagem_url, imagem=excluded.imagem, votos_count=excluded.votos_count, votos=excluded.votos, hb_phrase_group=excluded.hb_phrase_group, hb_frase=excluded.hb_frase, position=excluded.position;
insert into public.opcoes_votacao (id,votacao_id,titulo,descricao,imagem_url,imagem,votos_count,votos,created_at,hb_phrase_group,hb_frase,position) values ('7a9c79c8-d376-4714-99b9-8f17873d920b','e324b8c0-c9c7-498c-b444-87c043bab50d','​"BTS: a existência que transformou as nossas vidas no mais belo dos momentos."','Explicação: A frase afirma que conhecer o grupo dividiu a história dos fãs em "antes e depois" e faz uma alusão direta à era HYYH, definindo o BTS como a personificação do "momento mais belo da vida". A frase serve como um manifesto coletivo de gratidão e pertencimento.',null,null,30,0,'2026-06-12 14:09:28.096529+00','frase1',1,0) on conflict (id) do update set votacao_id=excluded.votacao_id, titulo=excluded.titulo, descricao=excluded.descricao, imagem_url=excluded.imagem_url, imagem=excluded.imagem, votos_count=excluded.votos_count, votos=excluded.votos, hb_phrase_group=excluded.hb_phrase_group, hb_frase=excluded.hb_frase, position=excluded.position;
insert into public.opcoes_votacao (id,votacao_id,titulo,descricao,imagem_url,imagem,votos_count,votos,created_at,hb_phrase_group,hb_frase,position) values ('7ce11f75-9993-4a8b-a42c-130e456bd74a','e324b8c0-c9c7-498c-b444-87c043bab50d','“O melhor momento voltou para nós”','Explicação: Na música Yet to Come, o BTS diz que "o melhor momento ainda está por vir". Para nós, ARMYs, esse momento se concretizou. Depois de anos de espera, o que parecia distante finalmente voltou para nós.',null,null,30,0,'2026-06-12 14:16:24.89843+00','frase1',1,0) on conflict (id) do update set votacao_id=excluded.votacao_id, titulo=excluded.titulo, descricao=excluded.descricao, imagem_url=excluded.imagem_url, imagem=excluded.imagem, votos_count=excluded.votos_count, votos=excluded.votos, hb_phrase_group=excluded.hb_phrase_group, hb_frase=excluded.hb_frase, position=excluded.position;
insert into public.opcoes_votacao (id,votacao_id,titulo,descricao,imagem_url,imagem,votos_count,votos,created_at,hb_phrase_group,hb_frase,position) values ('826f09bb-cc23-48eb-94aa-30759f7075b1','e324b8c0-c9c7-498c-b444-87c043bab50d','Sete estrelas, milhões de corações, um só amor: BTS.','Explicação: Os sete integrantes do BTS inspira milhões de pessoas, não em um só lugar, mas no mundo todo. Todos somos uma grande família unida por eles e suas músicas.',null,null,81,0,'2026-06-12 14:12:25.100388+00','frase1',1,0) on conflict (id) do update set votacao_id=excluded.votacao_id, titulo=excluded.titulo, descricao=excluded.descricao, imagem_url=excluded.imagem_url, imagem=excluded.imagem, votos_count=excluded.votos_count, votos=excluded.votos, hb_phrase_group=excluded.hb_phrase_group, hb_frase=excluded.hb_frase, position=excluded.position;
insert into public.opcoes_votacao (id,votacao_id,titulo,descricao,imagem_url,imagem,votos_count,votos,created_at,hb_phrase_group,hb_frase,position) values ('8c6b81a9-f3bd-4d95-8ddc-4e8a3dcd6148','e324b8c0-c9c7-498c-b444-87c043bab50d','"Obrigado por nos mostrar que ser diferente é normal."','Explicação: A frase diz que "é normal ser diferente". O BTS nos ensina a ignorar os padrões da sociedade.',null,null,270,0,'2026-06-12 14:16:32.947619+00','frase1',1,0) on conflict (id) do update set votacao_id=excluded.votacao_id, titulo=excluded.titulo, descricao=excluded.descricao, imagem_url=excluded.imagem_url, imagem=excluded.imagem, votos_count=excluded.votos_count, votos=excluded.votos, hb_phrase_group=excluded.hb_phrase_group, hb_frase=excluded.hb_frase, position=excluded.position;
insert into public.opcoes_votacao (id,votacao_id,titulo,descricao,imagem_url,imagem,votos_count,votos,created_at,hb_phrase_group,hb_frase,position) values ('8d3d80be-fa9d-4842-91ec-11045996d491','264f3fd0-a57e-44af-819f-af24c6f4614c','teste teste teste teste',null,null,null,0,0,'2026-06-12 12:02:54.06887+00','frase1',1,0) on conflict (id) do update set votacao_id=excluded.votacao_id, titulo=excluded.titulo, descricao=excluded.descricao, imagem_url=excluded.imagem_url, imagem=excluded.imagem, votos_count=excluded.votos_count, votos=excluded.votos, hb_phrase_group=excluded.hb_phrase_group, hb_frase=excluded.hb_frase, position=excluded.position;
insert into public.opcoes_votacao (id,votacao_id,titulo,descricao,imagem_url,imagem,votos_count,votos,created_at,hb_phrase_group,hb_frase,position) values ('8ee0b1e0-a2fc-4964-8458-55780d467a18','e324b8c0-c9c7-498c-b444-87c043bab50d','“O início do túnel tem escuridão. No final dele, tem o BTS”.','Explicação: A frase representa a teoria de que o BTS sempre aparece no momento em que mais precisamos deles. Eles iluminam nossas vidas quando mais precisávamos, se tornando um refúgio.',null,null,30,0,'2026-06-12 14:12:48.398446+00','frase1',1,0) on conflict (id) do update set votacao_id=excluded.votacao_id, titulo=excluded.titulo, descricao=excluded.descricao, imagem_url=excluded.imagem_url, imagem=excluded.imagem, votos_count=excluded.votos_count, votos=excluded.votos, hb_phrase_group=excluded.hb_phrase_group, hb_frase=excluded.hb_frase, position=excluded.position;
insert into public.opcoes_votacao (id,votacao_id,titulo,descricao,imagem_url,imagem,votos_count,votos,created_at,hb_phrase_group,hb_frase,position) values ('937ddd8e-6dcd-437b-bf42-65d539fca877','e324b8c0-c9c7-498c-b444-87c043bab50d','"Se eu chorar, finjam que é efeito especial do show."','Explicação: Representa a emoção de estar presente naquele momento.',null,null,30,0,'2026-06-12 14:13:32.341688+00','frase1',1,0) on conflict (id) do update set votacao_id=excluded.votacao_id, titulo=excluded.titulo, descricao=excluded.descricao, imagem_url=excluded.imagem_url, imagem=excluded.imagem, votos_count=excluded.votos_count, votos=excluded.votos, hb_phrase_group=excluded.hb_phrase_group, hb_frase=excluded.hb_frase, position=excluded.position;
insert into public.opcoes_votacao (id,votacao_id,titulo,descricao,imagem_url,imagem,votos_count,votos,created_at,hb_phrase_group,hb_frase,position) values ('9a18d20d-1fc4-483d-bd56-101159696857','e324b8c0-c9c7-498c-b444-87c043bab50d','“Uma vida de memórias, um pra sempre de BTS”','Explicação: Uma vida inteira pode ser preenchida por memórias, mas algumas histórias nunca terminam. O BTS não é apenas parte de momentos especiais, é parte das emoções, dos sonhos e do crescimento de milhões de pessoas.',null,null,29,0,'2026-06-12 14:11:41.957666+00','frase1',1,0) on conflict (id) do update set votacao_id=excluded.votacao_id, titulo=excluded.titulo, descricao=excluded.descricao, imagem_url=excluded.imagem_url, imagem=excluded.imagem, votos_count=excluded.votos_count, votos=excluded.votos, hb_phrase_group=excluded.hb_phrase_group, hb_frase=excluded.hb_frase, position=excluded.position;
insert into public.opcoes_votacao (id,votacao_id,titulo,descricao,imagem_url,imagem,votos_count,votos,created_at,hb_phrase_group,hb_frase,position) values ('9e46192b-a673-462c-884d-0693a9910268','827fe648-8149-4719-92ed-649ffcb03b6f','VOTE SIM',null,null,null,5,5,'2026-05-31 06:47:19.932229+00','frase1',1,0) on conflict (id) do update set votacao_id=excluded.votacao_id, titulo=excluded.titulo, descricao=excluded.descricao, imagem_url=excluded.imagem_url, imagem=excluded.imagem, votos_count=excluded.votos_count, votos=excluded.votos, hb_phrase_group=excluded.hb_phrase_group, hb_frase=excluded.hb_frase, position=excluded.position;
insert into public.opcoes_votacao (id,votacao_id,titulo,descricao,imagem_url,imagem,votos_count,votos,created_at,hb_phrase_group,hb_frase,position) values ('a109c2ea-2bae-434b-a284-b4695363bb01','b331041f-7cf3-4d9e-adac-8f2faffde7e3','FRASE 3',null,null,null,0,0,'2026-06-11 18:40:39.175735+00','frase1',1,0) on conflict (id) do update set votacao_id=excluded.votacao_id, titulo=excluded.titulo, descricao=excluded.descricao, imagem_url=excluded.imagem_url, imagem=excluded.imagem, votos_count=excluded.votos_count, votos=excluded.votos, hb_phrase_group=excluded.hb_phrase_group, hb_frase=excluded.hb_frase, position=excluded.position;
insert into public.opcoes_votacao (id,votacao_id,titulo,descricao,imagem_url,imagem,votos_count,votos,created_at,hb_phrase_group,hb_frase,position) values ('a42bcfb2-45dd-453e-999d-6799367f7ed9','e324b8c0-c9c7-498c-b444-87c043bab50d','“Mesmo do outro lado do oceano, nosso amor chega até vocês.”','Explicação: Mostra que, mesmo o Brasil estando muito longe da Coreia, o amor das B-Armys é tão forte que atravessa o oceano e chega até eles. Transmite carinho, dedicação e mostra que a distância não é uma barreira.',null,null,36,0,'2026-06-12 14:05:51.086556+00','frase1',1,0) on conflict (id) do update set votacao_id=excluded.votacao_id, titulo=excluded.titulo, descricao=excluded.descricao, imagem_url=excluded.imagem_url, imagem=excluded.imagem, votos_count=excluded.votos_count, votos=excluded.votos, hb_phrase_group=excluded.hb_phrase_group, hb_frase=excluded.hb_frase, position=excluded.position;
insert into public.opcoes_votacao (id,votacao_id,titulo,descricao,imagem_url,imagem,votos_count,votos,created_at,hb_phrase_group,hb_frase,position) values ('a562cd86-0753-450b-963f-9e315556c559','e324b8c0-c9c7-498c-b444-87c043bab50d','"Este é o lugar no mapa onde você pode respirar."','Explicação: Resposta para o trecho de Swim: “Name a place that I could breathe on this map, world”. Significa que é no Brasil onde eles podem ficar tranquilos e se apoiarem em nós.',null,null,138,0,'2026-06-12 14:09:47.070468+00','frase1',1,0) on conflict (id) do update set votacao_id=excluded.votacao_id, titulo=excluded.titulo, descricao=excluded.descricao, imagem_url=excluded.imagem_url, imagem=excluded.imagem, votos_count=excluded.votos_count, votos=excluded.votos, hb_phrase_group=excluded.hb_phrase_group, hb_frase=excluded.hb_frase, position=excluded.position;
insert into public.opcoes_votacao (id,votacao_id,titulo,descricao,imagem_url,imagem,votos_count,votos,created_at,hb_phrase_group,hb_frase,position) values ('aee3b524-05e6-4daa-84c9-5a81ab04033d','40e155b1-8ca1-4c5b-97f5-69a23cb3b81b','frase 6',null,null,null,2,2,'2026-06-12 10:57:03.150887+00','frase1',1,0) on conflict (id) do update set votacao_id=excluded.votacao_id, titulo=excluded.titulo, descricao=excluded.descricao, imagem_url=excluded.imagem_url, imagem=excluded.imagem, votos_count=excluded.votos_count, votos=excluded.votos, hb_phrase_group=excluded.hb_phrase_group, hb_frase=excluded.hb_frase, position=excluded.position;
insert into public.opcoes_votacao (id,votacao_id,titulo,descricao,imagem_url,imagem,votos_count,votos,created_at,hb_phrase_group,hb_frase,position) values ('b2c46c14-e433-41fd-bfe8-f8667df32d76','e324b8c0-c9c7-498c-b444-87c043bab50d','“Sim, nós ficamos e permanecemos assim até a eternidade.”','Explicação: Menção ao medo que o BTS tinha de que, ao irem para o exército, os Armys os esquecessem.',null,null,63,0,'2026-06-12 14:04:04.119419+00','frase1',1,0) on conflict (id) do update set votacao_id=excluded.votacao_id, titulo=excluded.titulo, descricao=excluded.descricao, imagem_url=excluded.imagem_url, imagem=excluded.imagem, votos_count=excluded.votos_count, votos=excluded.votos, hb_phrase_group=excluded.hb_phrase_group, hb_frase=excluded.hb_frase, position=excluded.position;
insert into public.opcoes_votacao (id,votacao_id,titulo,descricao,imagem_url,imagem,votos_count,votos,created_at,hb_phrase_group,hb_frase,position) values ('b2f6946e-93c5-47c1-b5dc-88d4da3048a8','e324b8c0-c9c7-498c-b444-87c043bab50d','Amando vocês, eu aprendi a me amar também.','Explicação: o BTS ensinou o amor próprio ao ARMY.',null,null,106,0,'2026-06-12 14:13:42.51628+00','frase1',1,0) on conflict (id) do update set votacao_id=excluded.votacao_id, titulo=excluded.titulo, descricao=excluded.descricao, imagem_url=excluded.imagem_url, imagem=excluded.imagem, votos_count=excluded.votos_count, votos=excluded.votos, hb_phrase_group=excluded.hb_phrase_group, hb_frase=excluded.hb_frase, position=excluded.position;
insert into public.opcoes_votacao (id,votacao_id,titulo,descricao,imagem_url,imagem,votos_count,votos,created_at,hb_phrase_group,hb_frase,position) values ('b4fb5547-ddcf-40d5-aefe-9f662a0c69fd','e324b8c0-c9c7-498c-b444-87c043bab50d','“Se vocês estiverem cansados, vocês podem vir até a gente.”','Explicação: Uma resposta a ''Come Over'', dizendo ao BTS que eles podem vir até nós quando precisarem.',null,null,183,0,'2026-06-12 14:05:40.426207+00','frase1',1,0) on conflict (id) do update set votacao_id=excluded.votacao_id, titulo=excluded.titulo, descricao=excluded.descricao, imagem_url=excluded.imagem_url, imagem=excluded.imagem, votos_count=excluded.votos_count, votos=excluded.votos, hb_phrase_group=excluded.hb_phrase_group, hb_frase=excluded.hb_frase, position=excluded.position;
insert into public.opcoes_votacao (id,votacao_id,titulo,descricao,imagem_url,imagem,votos_count,votos,created_at,hb_phrase_group,hb_frase,position) values ('b6664dc1-4d10-4e2e-9878-6541dc880d70','b331041f-7cf3-4d9e-adac-8f2faffde7e3','frase 01','edjishfhsdlfhwlfhw',null,null,0,0,'2026-06-11 18:40:20.073067+00','frase1',1,0) on conflict (id) do update set votacao_id=excluded.votacao_id, titulo=excluded.titulo, descricao=excluded.descricao, imagem_url=excluded.imagem_url, imagem=excluded.imagem, votos_count=excluded.votos_count, votos=excluded.votos, hb_phrase_group=excluded.hb_phrase_group, hb_frase=excluded.hb_frase, position=excluded.position;
insert into public.opcoes_votacao (id,votacao_id,titulo,descricao,imagem_url,imagem,votos_count,votos,created_at,hb_phrase_group,hb_frase,position) values ('b8503d54-b9e9-456c-850f-d8f7fd2c938b','e324b8c0-c9c7-498c-b444-87c043bab50d','“Sete anos depois, com as nossas sete estrelas, nós nadaremos com vocês por todo o universo”','Explicação: Nossa constelação de 7 estrelas, que brilham e tornarão nossas noites de outubro ainda mais lindas e iluminadas (como escrito em Mikrokosmos), voltarão ao Brasil depois de 7 anos de espera.',null,null,346,0,'2026-06-12 14:06:11.549473+00','frase1',1,0) on conflict (id) do update set votacao_id=excluded.votacao_id, titulo=excluded.titulo, descricao=excluded.descricao, imagem_url=excluded.imagem_url, imagem=excluded.imagem, votos_count=excluded.votos_count, votos=excluded.votos, hb_phrase_group=excluded.hb_phrase_group, hb_frase=excluded.hb_frase, position=excluded.position;
insert into public.opcoes_votacao (id,votacao_id,titulo,descricao,imagem_url,imagem,votos_count,votos,created_at,hb_phrase_group,hb_frase,position) values ('bcf68aad-28fc-4f51-a871-518ebd4406e9','e324b8c0-c9c7-498c-b444-87c043bab50d','"Estaremos com vocês pelo resto de nossas vidas, seguindo em direção ao Sol."','Explicação: Inspirada em "Into the Sun" e "For Youth". A ideia de "seguir em direção ao sol" veio de Into the Sun, que fala sobre continuar avançando mesmo diante das dificuldades. Já a parte "estaremos com vocês pelo resto de nossas vidas" foi inspirada por For Youth, que transmite sentimentos de gratidão, apoio e uma conexão que permanece ao longo do tempo.',null,null,134,0,'2026-06-12 14:09:56.026158+00','frase1',1,0) on conflict (id) do update set votacao_id=excluded.votacao_id, titulo=excluded.titulo, descricao=excluded.descricao, imagem_url=excluded.imagem_url, imagem=excluded.imagem, votos_count=excluded.votos_count, votos=excluded.votos, hb_phrase_group=excluded.hb_phrase_group, hb_frase=excluded.hb_frase, position=excluded.position;
insert into public.opcoes_votacao (id,votacao_id,titulo,descricao,imagem_url,imagem,votos_count,votos,created_at,hb_phrase_group,hb_frase,position) values ('c249af5e-42b6-4056-b609-1015034d2dc7','e324b8c0-c9c7-498c-b444-87c043bab50d','"O B-ARMY esperou pelo retorno"','Explicação: Namjoon pediu em 2022 para que nós esperássemos por eles, e nós esperamos.',null,null,35,0,'2026-06-12 14:10:37.444858+00','frase1',1,0) on conflict (id) do update set votacao_id=excluded.votacao_id, titulo=excluded.titulo, descricao=excluded.descricao, imagem_url=excluded.imagem_url, imagem=excluded.imagem, votos_count=excluded.votos_count, votos=excluded.votos, hb_phrase_group=excluded.hb_phrase_group, hb_frase=excluded.hb_frase, position=excluded.position;
insert into public.opcoes_votacao (id,votacao_id,titulo,descricao,imagem_url,imagem,votos_count,votos,created_at,hb_phrase_group,hb_frase,position) values ('c33946c3-1da7-4e5b-b7db-fbd78be24ba7','978d52ee-75fa-4ee0-8eb8-335ff1c1aef2','TESTE',null,null,null,46,0,'2026-06-12 12:10:35.629724+00','frase1',1,0) on conflict (id) do update set votacao_id=excluded.votacao_id, titulo=excluded.titulo, descricao=excluded.descricao, imagem_url=excluded.imagem_url, imagem=excluded.imagem, votos_count=excluded.votos_count, votos=excluded.votos, hb_phrase_group=excluded.hb_phrase_group, hb_frase=excluded.hb_frase, position=excluded.position;
insert into public.opcoes_votacao (id,votacao_id,titulo,descricao,imagem_url,imagem,votos_count,votos,created_at,hb_phrase_group,hb_frase,position) values ('c771e364-34dc-4b8a-a7dc-a7b67d2692cb','e324b8c0-c9c7-498c-b444-87c043bab50d','“Mesmo separados pela distância, nos encontraremos no mesmo amanhecer.”','Explicação: Representa os anos de espera entre o BTS e os B-ARMYs. A distância geográfica entre a Coreia e o Brasil, os anos desde a última turnê e o período do serviço militar criaram uma longa noite de saudade e incertezas, mas sem perder as esperanças. O amanhecer simboliza o fim da espera, o início de um novo capítulo e a certeza de que nossos caminhos voltariam a se encontrar.',null,null,38,0,'2026-06-12 14:07:40.907959+00','frase1',1,0) on conflict (id) do update set votacao_id=excluded.votacao_id, titulo=excluded.titulo, descricao=excluded.descricao, imagem_url=excluded.imagem_url, imagem=excluded.imagem, votos_count=excluded.votos_count, votos=excluded.votos, hb_phrase_group=excluded.hb_phrase_group, hb_frase=excluded.hb_frase, position=excluded.position;
insert into public.opcoes_votacao (id,votacao_id,titulo,descricao,imagem_url,imagem,votos_count,votos,created_at,hb_phrase_group,hb_frase,position) values ('c8d11289-f6f3-4922-a326-1ff9e4af24ac','e324b8c0-c9c7-498c-b444-87c043bab50d','"Nossa canção de amor sempre será BTS."','Explicação: A frase faz referência à pergunta da campanha “What’s your love song?”. Ao dizer que “Nossa canção de amor sempre será BTS”, expressamos o carinho, a gratidão e a conexão que foram construídos ao longo dos anos entre BTS e ARMY.',null,null,93,0,'2026-06-12 14:14:38.086888+00','frase1',1,0) on conflict (id) do update set votacao_id=excluded.votacao_id, titulo=excluded.titulo, descricao=excluded.descricao, imagem_url=excluded.imagem_url, imagem=excluded.imagem, votos_count=excluded.votos_count, votos=excluded.votos, hb_phrase_group=excluded.hb_phrase_group, hb_frase=excluded.hb_frase, position=excluded.position;
insert into public.opcoes_votacao (id,votacao_id,titulo,descricao,imagem_url,imagem,votos_count,votos,created_at,hb_phrase_group,hb_frase,position) values ('c9112a9c-bfbf-4cbc-8429-817c4c0f2b4e','e324b8c0-c9c7-498c-b444-87c043bab50d','"Vocês nunca estarão sozinhos."','Explicação: Inspirada pelos sentimentos de saudade, espera e reencontro presentes em Arirang.A frase expressa apoio, carinho e companhia.',null,null,50,0,'2026-06-12 14:15:13.608224+00','frase1',1,0) on conflict (id) do update set votacao_id=excluded.votacao_id, titulo=excluded.titulo, descricao=excluded.descricao, imagem_url=excluded.imagem_url, imagem=excluded.imagem, votos_count=excluded.votos_count, votos=excluded.votos, hb_phrase_group=excluded.hb_phrase_group, hb_frase=excluded.hb_frase, position=excluded.position;
insert into public.opcoes_votacao (id,votacao_id,titulo,descricao,imagem_url,imagem,votos_count,votos,created_at,hb_phrase_group,hb_frase,position) values ('c9c8f6c1-5840-42e3-ac24-1f1eede7b0a8','e324b8c0-c9c7-498c-b444-87c043bab50d','“Esperamos 7 anos para reencontrar nossos 7.”','Explicação: A frase expressa a emoção de uma longa espera marcada por saudade, expectativa e carinho até o momento de reencontrar os meninos. O número 7 simboliza tanto o tempo de espera quanto os membros, reforçando a conexão emocional entre o ARMY e o BTS.',null,null,370,0,'2026-06-12 14:06:54.751206+00','frase1',1,0) on conflict (id) do update set votacao_id=excluded.votacao_id, titulo=excluded.titulo, descricao=excluded.descricao, imagem_url=excluded.imagem_url, imagem=excluded.imagem, votos_count=excluded.votos_count, votos=excluded.votos, hb_phrase_group=excluded.hb_phrase_group, hb_frase=excluded.hb_frase, position=excluded.position;
insert into public.opcoes_votacao (id,votacao_id,titulo,descricao,imagem_url,imagem,votos_count,votos,created_at,hb_phrase_group,hb_frase,position) values ('ca059a30-5903-4993-8edb-920ee557c931','40e155b1-8ca1-4c5b-97f5-69a23cb3b81b','frase 01','descrição',null,null,3,3,'2026-06-12 10:52:58.071406+00','frase1',1,0) on conflict (id) do update set votacao_id=excluded.votacao_id, titulo=excluded.titulo, descricao=excluded.descricao, imagem_url=excluded.imagem_url, imagem=excluded.imagem, votos_count=excluded.votos_count, votos=excluded.votos, hb_phrase_group=excluded.hb_phrase_group, hb_frase=excluded.hb_frase, position=excluded.position;
insert into public.opcoes_votacao (id,votacao_id,titulo,descricao,imagem_url,imagem,votos_count,votos,created_at,hb_phrase_group,hb_frase,position) values ('cac1a45a-8789-4787-8587-88d23a9c4a33','40e155b1-8ca1-4c5b-97f5-69a23cb3b81b','frase 4',null,null,null,2,2,'2026-06-12 10:56:51.495741+00','frase1',1,0) on conflict (id) do update set votacao_id=excluded.votacao_id, titulo=excluded.titulo, descricao=excluded.descricao, imagem_url=excluded.imagem_url, imagem=excluded.imagem, votos_count=excluded.votos_count, votos=excluded.votos, hb_phrase_group=excluded.hb_phrase_group, hb_frase=excluded.hb_frase, position=excluded.position;
insert into public.opcoes_votacao (id,votacao_id,titulo,descricao,imagem_url,imagem,votos_count,votos,created_at,hb_phrase_group,hb_frase,position) values ('cd7a7e21-f57b-4784-9ac0-ba164125457d','e324b8c0-c9c7-498c-b444-87c043bab50d','"Não é um deserto azul, mas sim um oceano roxo."','Explicação: Essa é uma resposta para um trecho de "SEA", onde mencionam sobre não saberem o que é oceano ou deserto azul, falando sobre como o ARMY é o esse ''oceano''. SEA é sobre se encontrar em momentos difíceis, e essa frase pode representar bem esta nova fase.',null,null,75,0,'2026-06-12 14:15:49.169438+00','frase1',1,0) on conflict (id) do update set votacao_id=excluded.votacao_id, titulo=excluded.titulo, descricao=excluded.descricao, imagem_url=excluded.imagem_url, imagem=excluded.imagem, votos_count=excluded.votos_count, votos=excluded.votos, hb_phrase_group=excluded.hb_phrase_group, hb_frase=excluded.hb_frase, position=excluded.position;
insert into public.opcoes_votacao (id,votacao_id,titulo,descricao,imagem_url,imagem,votos_count,votos,created_at,hb_phrase_group,hb_frase,position) values ('d5220aac-39e9-4ce2-aa03-92f4046550c3','b331041f-7cf3-4d9e-adac-8f2faffde7e3','FRASE 5',null,null,null,0,0,'2026-06-11 18:40:59.026215+00','frase1',1,0) on conflict (id) do update set votacao_id=excluded.votacao_id, titulo=excluded.titulo, descricao=excluded.descricao, imagem_url=excluded.imagem_url, imagem=excluded.imagem, votos_count=excluded.votos_count, votos=excluded.votos, hb_phrase_group=excluded.hb_phrase_group, hb_frase=excluded.hb_frase, position=excluded.position;
insert into public.opcoes_votacao (id,votacao_id,titulo,descricao,imagem_url,imagem,votos_count,votos,created_at,hb_phrase_group,hb_frase,position) values ('d7047567-8cc7-49c8-b3d6-05f22f722daa','e324b8c0-c9c7-498c-b444-87c043bab50d','”Estar em casa é estar onde o Bangtan estiver.”','Explicação: Adaptação da letra de Into the sun, parte do Namjoon onde diz “ 난 집에 가고파, 네가 있는 곳” (Quero ir para casa, onde você está). Já que a música é para o ARMY, a frase seria uma devolutiva, se para eles a casa é onde estamos, para o fandom é onde eles estão.',null,null,510,0,'2026-06-12 14:08:01.328313+00','frase1',1,0) on conflict (id) do update set votacao_id=excluded.votacao_id, titulo=excluded.titulo, descricao=excluded.descricao, imagem_url=excluded.imagem_url, imagem=excluded.imagem, votos_count=excluded.votos_count, votos=excluded.votos, hb_phrase_group=excluded.hb_phrase_group, hb_frase=excluded.hb_frase, position=excluded.position;
insert into public.opcoes_votacao (id,votacao_id,titulo,descricao,imagem_url,imagem,votos_count,votos,created_at,hb_phrase_group,hb_frase,position) values ('d91b5705-e43c-4600-875e-04d7bef78a3a','40e155b1-8ca1-4c5b-97f5-69a23cb3b81b','frase 5',null,null,null,1,1,'2026-06-12 10:56:56.889798+00','frase1',1,0) on conflict (id) do update set votacao_id=excluded.votacao_id, titulo=excluded.titulo, descricao=excluded.descricao, imagem_url=excluded.imagem_url, imagem=excluded.imagem, votos_count=excluded.votos_count, votos=excluded.votos, hb_phrase_group=excluded.hb_phrase_group, hb_frase=excluded.hb_frase, position=excluded.position;
insert into public.opcoes_votacao (id,votacao_id,titulo,descricao,imagem_url,imagem,votos_count,votos,created_at,hb_phrase_group,hb_frase,position) values ('db28da5d-2420-4161-b5df-c91f340c4268','e324b8c0-c9c7-498c-b444-87c043bab50d','“De lados opostos do mundo, mas debaixo do mesmo céu.”','Explicação: Mesmo estando em lugares diferentes, vivendo em lados opostos do mundo, quando olhamos para o céu, estamos conectados de alguma forma. É uma forma simples e profunda, de lembrar que nunca estivemos sozinhos.',null,null,798,0,'2026-06-12 14:05:21.508461+00','frase1',1,0) on conflict (id) do update set votacao_id=excluded.votacao_id, titulo=excluded.titulo, descricao=excluded.descricao, imagem_url=excluded.imagem_url, imagem=excluded.imagem, votos_count=excluded.votos_count, votos=excluded.votos, hb_phrase_group=excluded.hb_phrase_group, hb_frase=excluded.hb_frase, position=excluded.position;
insert into public.opcoes_votacao (id,votacao_id,titulo,descricao,imagem_url,imagem,votos_count,votos,created_at,hb_phrase_group,hb_frase,position) values ('e0a64426-fc37-4bf4-b632-63d0857742a2','e324b8c0-c9c7-498c-b444-87c043bab50d','"A distância foi apenas um capítulo para nosso reencontro."','Explicação: Essa frase representa a distância e o reencontro. Como a saudade fez parte de nossas rotinas, porém, em vez de enxergar isso como uma separação, transformamos em mais um capítulo da nossa história.',null,null,102,0,'2026-06-12 14:12:13.991308+00','frase1',1,0) on conflict (id) do update set votacao_id=excluded.votacao_id, titulo=excluded.titulo, descricao=excluded.descricao, imagem_url=excluded.imagem_url, imagem=excluded.imagem, votos_count=excluded.votos_count, votos=excluded.votos, hb_phrase_group=excluded.hb_phrase_group, hb_frase=excluded.hb_frase, position=excluded.position;
insert into public.opcoes_votacao (id,votacao_id,titulo,descricao,imagem_url,imagem,votos_count,votos,created_at,hb_phrase_group,hb_frase,position) values ('e0ebeb0b-8772-47b8-b391-6de365a076ed','e324b8c0-c9c7-498c-b444-87c043bab50d','“A nossa canção de amor é a melodia de suas almas”','Explicação: A frase funciona como uma resposta para a frase de divulgação do Arirang “What is your love song?”. A intenção é dizer que a nossa canção de amor são os próprios meninos.',null,null,39,0,'2026-06-12 14:14:20.115559+00','frase1',1,0) on conflict (id) do update set votacao_id=excluded.votacao_id, titulo=excluded.titulo, descricao=excluded.descricao, imagem_url=excluded.imagem_url, imagem=excluded.imagem, votos_count=excluded.votos_count, votos=excluded.votos, hb_phrase_group=excluded.hb_phrase_group, hb_frase=excluded.hb_frase, position=excluded.position;
insert into public.opcoes_votacao (id,votacao_id,titulo,descricao,imagem_url,imagem,votos_count,votos,created_at,hb_phrase_group,hb_frase,position) values ('e2152761-4615-4cfd-9cb8-0375019b982d','b1c9d9a7-892f-4b8a-92af-1a6a4308959b','TESTE 01',null,null,null,0,0,'2026-06-12 12:12:00.439625+00','frase1',1,0) on conflict (id) do update set votacao_id=excluded.votacao_id, titulo=excluded.titulo, descricao=excluded.descricao, imagem_url=excluded.imagem_url, imagem=excluded.imagem, votos_count=excluded.votos_count, votos=excluded.votos, hb_phrase_group=excluded.hb_phrase_group, hb_frase=excluded.hb_frase, position=excluded.position;
insert into public.opcoes_votacao (id,votacao_id,titulo,descricao,imagem_url,imagem,votos_count,votos,created_at,hb_phrase_group,hb_frase,position) values ('e7a8a41e-1c04-4f61-bd8c-d1e72826856e','e324b8c0-c9c7-498c-b444-87c043bab50d','“Vocês vivem em mais vidas do que imaginam.”','Explicação: É uma forma de dizer: “Vocês sempre falam sobre o quanto o ARMY mudou a vida de vocês. Mas vocês também vivem na nossa muito mais do que imaginam.”',null,null,148,0,'2026-06-12 14:03:23.257767+00','frase1',1,0) on conflict (id) do update set votacao_id=excluded.votacao_id, titulo=excluded.titulo, descricao=excluded.descricao, imagem_url=excluded.imagem_url, imagem=excluded.imagem, votos_count=excluded.votos_count, votos=excluded.votos, hb_phrase_group=excluded.hb_phrase_group, hb_frase=excluded.hb_frase, position=excluded.position;
insert into public.opcoes_votacao (id,votacao_id,titulo,descricao,imagem_url,imagem,votos_count,votos,created_at,hb_phrase_group,hb_frase,position) values ('eac2bd5d-5416-4db3-bf60-ff3a8929000b','e324b8c0-c9c7-498c-b444-87c043bab50d','"Vocês são a nossa primavera depois de todo inverno."','Explicação: A primavera simboliza renovação, esperança, felicidade e o florescer após um período difícil, enquanto o inverno simboliza a saudade, espera e os momentos em que sentimos a distância. O BTS é uma fonte de conforto e inspiração durante diferentes fases da vida, e, assim como a primavera chega depois do inverno, a presença e a música deles trazem alegria, força e esperança depois de momentos difíceis.',null,null,42,0,'2026-06-12 14:11:51.019491+00','frase1',1,0) on conflict (id) do update set votacao_id=excluded.votacao_id, titulo=excluded.titulo, descricao=excluded.descricao, imagem_url=excluded.imagem_url, imagem=excluded.imagem, votos_count=excluded.votos_count, votos=excluded.votos, hb_phrase_group=excluded.hb_phrase_group, hb_frase=excluded.hb_frase, position=excluded.position;
insert into public.opcoes_votacao (id,votacao_id,titulo,descricao,imagem_url,imagem,votos_count,votos,created_at,hb_phrase_group,hb_frase,position) values ('ebe106ec-b78d-46cf-a46a-80fa131fb6d3','e4c4b355-97b0-4002-890e-bb5808bc7043','vote aqui',null,null,null,1,1,'2026-05-31 06:35:38.679267+00','frase1',1,0) on conflict (id) do update set votacao_id=excluded.votacao_id, titulo=excluded.titulo, descricao=excluded.descricao, imagem_url=excluded.imagem_url, imagem=excluded.imagem, votos_count=excluded.votos_count, votos=excluded.votos, hb_phrase_group=excluded.hb_phrase_group, hb_frase=excluded.hb_frase, position=excluded.position;
insert into public.opcoes_votacao (id,votacao_id,titulo,descricao,imagem_url,imagem,votos_count,votos,created_at,hb_phrase_group,hb_frase,position) values ('efad3863-d527-4de3-97bb-20e07cf6439c','e324b8c0-c9c7-498c-b444-87c043bab50d','"Nosso amanhecer está em vocês."','Explicação:O amanhecer marca o retorno do sol após a escuridão da noite. Nesse sentido, os meninos são a luz que sempre encontraremos nos momentos difíceis.',null,null,30,0,'2026-06-12 14:16:17.466925+00','frase1',1,0) on conflict (id) do update set votacao_id=excluded.votacao_id, titulo=excluded.titulo, descricao=excluded.descricao, imagem_url=excluded.imagem_url, imagem=excluded.imagem, votos_count=excluded.votos_count, votos=excluded.votos, hb_phrase_group=excluded.hb_phrase_group, hb_frase=excluded.hb_frase, position=excluded.position;

insert into public.solo_projects (id,solo_member_id,title,description,image_url,cover_image,link_url,status,position,created_at) values ('392c0977-3049-4af9-b5fa-69f20ff73fe3','2ba0e8a5-2ecf-4848-8092-104e318098af','JIMTOBER - Ponto de Ônibus','Painel publicitário próximo ao MorumBIS com mensagens de carinho enviadas por fãs para celebrar o aniversário do JIMIN.','https://menaprzrrftribfyymmq.supabase.co/storage/v1/object/public/barmy360-images/soloProjectImage/1782839784189-ef8bd4330e0dc-Captura-de-tela-2026-06-30-141445.png','https://menaprzrrftribfyymmq.supabase.co/storage/v1/object/public/barmy360-images/soloProjectImage/1782839784189-ef8bd4330e0dc-Captura-de-tela-2026-06-30-141445.png','https://x.com/info_jimin/status/2063689969588228476?s=20','em_colaboracao',0,'2026-06-30 17:16:34.880386+00') on conflict (id) do update set solo_member_id=excluded.solo_member_id, title=excluded.title, description=excluded.description, image_url=excluded.image_url, cover_image=excluded.cover_image, link_url=excluded.link_url, status=excluded.status, position=excluded.position;
insert into public.solo_projects (id,solo_member_id,title,description,image_url,cover_image,link_url,status,position,created_at) values ('5db477d1-6ef7-4dea-a404-8e4e3b2806fc','fcb785e6-7681-4f69-b150-2a1d7d9e2696','FUTURE''S GONNA BE OKAY','Projeto de arrecadação em homenagem ao Yoongi financiará a reforma da sala de Musicoterapia do Instituto Autismos. O espaço levará o nome de Sala Min Yoongi, simbolizando inclusão, acolhimento, esperança e transformação.','https://menaprzrrftribfyymmq.supabase.co/storage/v1/object/public/barmy360-images/soloProjectImage/1781852110779-7687e68c520e58-Captura-de-tela-2026-06-19-035441.png','https://menaprzrrftribfyymmq.supabase.co/storage/v1/object/public/barmy360-images/soloProjectImage/1781852110779-7687e68c520e58-Captura-de-tela-2026-06-19-035441.png','https://www.instagram.com/p/DZI8N6sjkc6/?utm_source=ig_web_copy_link&igsh=NTc4MTIwNjQ2YQ==','em_colaboracao',0,'2026-06-14 23:02:06.25282+00') on conflict (id) do update set solo_member_id=excluded.solo_member_id, title=excluded.title, description=excluded.description, image_url=excluded.image_url, cover_image=excluded.cover_image, link_url=excluded.link_url, status=excluded.status, position=excluded.position;
insert into public.solo_projects (id,solo_member_id,title,description,image_url,cover_image,link_url,status,position,created_at) values ('72435200-48d7-4e8c-8ed2-ce3f14c8aafb','fcb785e6-7681-4f69-b150-2a1d7d9e2696','COME OVER','O projeto Come Over tem como objetivo tornar o estádio num oceano de corações roxos com mensagens de amor ao SUGA!','https://menaprzrrftribfyymmq.supabase.co/storage/v1/object/public/barmy360-images/soloProjectImage/1781852046335-c26fede38a877-Captura-de-tela-2026-06-19-035332.png','https://menaprzrrftribfyymmq.supabase.co/storage/v1/object/public/barmy360-images/soloProjectImage/1781852046335-c26fede38a877-Captura-de-tela-2026-06-19-035332.png','https://x.com/streamforsuga93/status/2060496499524436475/photo/1','em_colaboracao',0,'2026-06-14 23:07:19.888495+00') on conflict (id) do update set solo_member_id=excluded.solo_member_id, title=excluded.title, description=excluded.description, image_url=excluded.image_url, cover_image=excluded.cover_image, link_url=excluded.link_url, status=excluded.status, position=excluded.position;
insert into public.solo_projects (id,solo_member_id,title,description,image_url,cover_image,link_url,status,position,created_at) values ('8510ce7f-0d5b-44ef-bf69-c88e79f7c20c','875ec0ea-529f-4288-8133-f2f4b3e91e41','A NOITE ESTRELADA','Transformar o Morumbis em uma verdadeira noite estrelada inspirada na obra de Van Gogh, durante o momento de discurso do Taehyung. Criar um mar de luzes e estrelas pelo estádio, proporcionando uma visão especial e emocionante, para que ele possa sentir todo o carinho do público brasileiro.','https://menaprzrrftribfyymmq.supabase.co/storage/v1/object/public/barmy360-images/soloProjectImage/1781854237502-6890417f867388-taehyung-1.jpg','https://menaprzrrftribfyymmq.supabase.co/storage/v1/object/public/barmy360-images/soloProjectImage/1781854237502-6890417f867388-taehyung-1.jpg','https://sites.google.com/view/projeto-noite-estrelada/in%C3%ADcio?authuser=9','em_colaboracao',0,'2026-06-14 23:11:17.226015+00') on conflict (id) do update set solo_member_id=excluded.solo_member_id, title=excluded.title, description=excluded.description, image_url=excluded.image_url, cover_image=excluded.cover_image, link_url=excluded.link_url, status=excluded.status, position=excluded.position;
insert into public.solo_projects (id,solo_member_id,title,description,image_url,cover_image,link_url,status,position,created_at) values ('85460135-2d06-4401-a985-fd9e967aab78','4c6631c3-3cfd-4b09-8f7b-66632e653dee','A ARTE DO SER HUMANO','A Arte de Ser Humano é uma exposição artística inspirada na trajetória de Kim Namjoon (RM/BTS), criada por fãs para proporcionar uma experiência sensorial e emocional que conecta arte, música, natureza e reflexão.','https://menaprzrrftribfyymmq.supabase.co/storage/v1/object/public/barmy360-images/soloProjectImage/1781852197034-d19b023cd9a328-projeto-namjoon.jpg','https://menaprzrrftribfyymmq.supabase.co/storage/v1/object/public/barmy360-images/soloProjectImage/1781852197034-d19b023cd9a328-projeto-namjoon.jpg','https://x.com/knj_brasil/status/2056753115022442890?s=20','em_colaboracao',0,'2026-06-14 23:15:06.961379+00') on conflict (id) do update set solo_member_id=excluded.solo_member_id, title=excluded.title, description=excluded.description, image_url=excluded.image_url, cover_image=excluded.cover_image, link_url=excluded.link_url, status=excluded.status, position=excluded.position;
insert into public.solo_projects (id,solo_member_id,title,description,image_url,cover_image,link_url,status,position,created_at) values ('9bfe8c64-3267-4c4a-95cc-72ac1281fc16','875ec0ea-529f-4288-8133-f2f4b3e91e41','THV WORLD TOUR BTS','Projeto da KTHBR dedicado ao Taehyung durante a vinda do BTS ao Brasil. A ação contará com um painel próximo ao MorumBIS e a distribuição de brindes exclusivos nas filas do evento.','https://menaprzrrftribfyymmq.supabase.co/storage/v1/object/public/barmy360-images/soloProjectImage/1781853976007-6b6dfb2f1e2d4-taehyung-2.jpg','https://menaprzrrftribfyymmq.supabase.co/storage/v1/object/public/barmy360-images/soloProjectImage/1781853976007-6b6dfb2f1e2d4-taehyung-2.jpg','https://x.com/ktaehbrasil/status/2058215066554466444?s=20','em_colaboracao',0,'2026-06-14 23:19:58.566159+00') on conflict (id) do update set solo_member_id=excluded.solo_member_id, title=excluded.title, description=excluded.description, image_url=excluded.image_url, cover_image=excluded.cover_image, link_url=excluded.link_url, status=excluded.status, position=excluded.position;
insert into public.solo_projects (id,solo_member_id,title,description,image_url,cover_image,link_url,status,position,created_at) values ('a9687a7a-f19c-480b-95ab-0dcaf1e82b73','2ba0e8a5-2ecf-4848-8092-104e318098af','Sob a mesma Lua','Reunir ARMYs para uma comemoração mega especial. Aproveitar um momento de boa energia, café quentinho e muito amor pelo nosso JIMIN, na Hyo Jeong Cafeteria.','https://menaprzrrftribfyymmq.supabase.co/storage/v1/object/public/barmy360-images/soloProjectImage/1782839856265-8a4b41b787005-Captura-de-tela-2026-06-30-141420.png','https://menaprzrrftribfyymmq.supabase.co/storage/v1/object/public/barmy360-images/soloProjectImage/1782839856265-8a4b41b787005-Captura-de-tela-2026-06-30-141420.png','https://x.com/info_jimin/status/2069563679498965291?s=20','em_colaboracao',0,'2026-06-30 17:17:48.181654+00') on conflict (id) do update set solo_member_id=excluded.solo_member_id, title=excluded.title, description=excluded.description, image_url=excluded.image_url, cover_image=excluded.cover_image, link_url=excluded.link_url, status=excluded.status, position=excluded.position;
insert into public.solo_projects (id,solo_member_id,title,description,image_url,cover_image,link_url,status,position,created_at) values ('bff7ec06-8050-43dc-bf58-edebf832551e','2ba0e8a5-2ecf-4848-8092-104e318098af','FLORES PARA JIMIN','“Flores para Jimin” é um projeto que convida o ARMY a erguer flores amarelas durante o discurso de encerramento do Jimin nos três dias de show e cantar parabéns, criando uma homenagem coletiva e emocionante em celebração ao seu aniversário.','https://menaprzrrftribfyymmq.supabase.co/storage/v1/object/public/barmy360-images/soloProjectImage/1781853838249-2f5da5fc3e3dd8-jimin.jpg','https://menaprzrrftribfyymmq.supabase.co/storage/v1/object/public/barmy360-images/soloProjectImage/1781853838249-2f5da5fc3e3dd8-jimin.jpg','https://www.instagram.com/p/DXNQVBjCToB/?utm_source=ig_web_copy_link&igsh=NTc4MTIwNjQ2YQ==','em_colaboracao',1,'2026-06-14 22:46:06.734416+00') on conflict (id) do update set solo_member_id=excluded.solo_member_id, title=excluded.title, description=excluded.description, image_url=excluded.image_url, cover_image=excluded.cover_image, link_url=excluded.link_url, status=excluded.status, position=excluded.position;
insert into public.solo_projects (id,solo_member_id,title,description,image_url,cover_image,link_url,status,position,created_at) values ('c60add3e-6ef8-498a-b49c-f5b2515f4eae','9ed54a4b-e087-4c04-abc1-403698eb8587','THE ASTRONAUT','O Projeto The Astronaut é uma ação que será realizada no dia 28/10, para homenagear Seokjin pelos 4 anos de lançamento de The Astronaut. A iniciativa consiste em celebrar esse marco especial, demonstrando amor, apoio e reconhecimento.','https://menaprzrrftribfyymmq.supabase.co/storage/v1/object/public/barmy360-images/soloProjectImage/1781853265698-90ba927fc626f8-jin.jpg','https://menaprzrrftribfyymmq.supabase.co/storage/v1/object/public/barmy360-images/soloProjectImage/1781853265698-90ba927fc626f8-jin.jpg','https://x.com/jinnieacess/status/2052531536357114068?s=20','em_colaboracao',0,'2026-06-14 23:16:59.118671+00') on conflict (id) do update set solo_member_id=excluded.solo_member_id, title=excluded.title, description=excluded.description, image_url=excluded.image_url, cover_image=excluded.cover_image, link_url=excluded.link_url, status=excluded.status, position=excluded.position;
insert into public.solo_projects (id,solo_member_id,title,description,image_url,cover_image,link_url,status,position,created_at) values ('d83d7a08-664b-4a65-94a8-36f46580d52a','acc3ebb3-90ab-497e-8ccb-0cd30ef957f5','HOPE IN MOTION','Hope In Motion é um projeto que transformará um espaço próximo ao MorumBIS, em São Paulo, em um mural grafitado em homenagem ao J-HOPE, com apresentações especiais de breakdance em datas selecionadas.','https://menaprzrrftribfyymmq.supabase.co/storage/v1/object/public/barmy360-images/soloProjectImage/1781853454675-bf76914a4bb648-hobi.jpg','https://menaprzrrftribfyymmq.supabase.co/storage/v1/object/public/barmy360-images/soloProjectImage/1781853454675-bf76914a4bb648-hobi.jpg','https://drive.google.com/file/d/13--jqluYbJA0duDdFjogNtc-l_wTnLS2/view?usp=drivesdk','em_colaboracao',0,'2026-06-14 23:22:06.021739+00') on conflict (id) do update set solo_member_id=excluded.solo_member_id, title=excluded.title, description=excluded.description, image_url=excluded.image_url, cover_image=excluded.cover_image, link_url=excluded.link_url, status=excluded.status, position=excluded.position;
insert into public.solo_projects (id,solo_member_id,title,description,image_url,cover_image,link_url,status,position,created_at) values ('f6784299-e27e-476c-943a-b384e1876091','25450db6-f35c-49fc-9ddc-8e31c63febad','JJK IN SP','O JJK em SP visa a arrecadação de fundos para projetos dedicados ao Jungkook durante a turnê do BTS no Brasil, incluindo painel próximo ao Morumbis, anúncios em ônibus e distribuição de freebies.','https://menaprzrrftribfyymmq.supabase.co/storage/v1/object/public/barmy360-images/soloProjectImage/1781853929458-431a9399268e08-jungkook.jpg','https://menaprzrrftribfyymmq.supabase.co/storage/v1/object/public/barmy360-images/soloProjectImage/1781853929458-431a9399268e08-jungkook.jpg','https://x.com/jeonjungkook_br/status/2060851099687432697?s=46','em_colaboracao',1,'2026-06-14 22:51:16.401217+00') on conflict (id) do update set solo_member_id=excluded.solo_member_id, title=excluded.title, description=excluded.description, image_url=excluded.image_url, cover_image=excluded.cover_image, link_url=excluded.link_url, status=excluded.status, position=excluded.position;

insert into public.handbanner_art_submissions (id,user_id,google_email,full_name,social_handle,contact_email,cloud_link,term_agreement_link,minor_authorization_link,agree_term,agree_minor,agree_rules,observation,created_at,device_id) values ('0071c1d4-c2c9-499d-b6b7-404f8d84ad79',null,null,'Ana Beatriz','@crystaijikook','anabeatriz15429@gmail.com','https://drive.google.com/drive/folders/1wZ2qUZTvA-i9Tme3RmPE3qyT47jPCb-d',null,null,true,true,true,'Objetos vetorizados no illustrator, e exportados para o photoshop como camada de forma pq banner foi finalizado no photoshop então o arquivo enviado foi como .psd','2026-07-01 02:43:37.183407+00','device_mr1gxd3t_neklwje2a3') on conflict (id) do update set full_name=excluded.full_name, social_handle=excluded.social_handle, contact_email=excluded.contact_email, cloud_link=excluded.cloud_link, observation=excluded.observation, device_id=excluded.device_id;
insert into public.handbanner_art_submissions (id,user_id,google_email,full_name,social_handle,contact_email,cloud_link,term_agreement_link,minor_authorization_link,agree_term,agree_minor,agree_rules,observation,created_at,device_id) values ('00918c42-b293-4ebe-9f2d-cec0907d6aed',null,null,'Daiane Marcon Capeleto','@d.marconcp no Instagram','daianemarconcp@gmail.com','https://drive.google.com/drive/folders/1DERhGwdUBwDLbGuBDFvIN5LdjpWnS9IK?hl=pt-br',null,null,true,true,true,null,'2026-06-27 01:01:36.573867+00','device_mqvnhwxd_ip31drd0eq') on conflict (id) do update set full_name=excluded.full_name, social_handle=excluded.social_handle, contact_email=excluded.contact_email, cloud_link=excluded.cloud_link, observation=excluded.observation, device_id=excluded.device_id;
insert into public.handbanner_art_submissions (id,user_id,google_email,full_name,social_handle,contact_email,cloud_link,term_agreement_link,minor_authorization_link,agree_term,agree_minor,agree_rules,observation,created_at,device_id) values ('0649ffe9-4dcb-4e1b-a7d9-159b3cc72926',null,null,'Larissa Cavalcanti Machado','@arixmars','larissacmachado5@gmail.com','https://drive.google.com/drive/folders/12ZISK2sR3jpVwv6PDzHEwuZmwNxigMLl?usp=sharing',null,null,true,true,true,null,'2026-06-30 01:35:22.575799+00','device_mqk2b9qf_llctcakhv3') on conflict (id) do update set full_name=excluded.full_name, social_handle=excluded.social_handle, contact_email=excluded.contact_email, cloud_link=excluded.cloud_link, observation=excluded.observation, device_id=excluded.device_id;
insert into public.handbanner_art_submissions (id,user_id,google_email,full_name,social_handle,contact_email,cloud_link,term_agreement_link,minor_authorization_link,agree_term,agree_minor,agree_rules,observation,created_at,device_id) values ('09f179c2-0767-471b-a593-221081e3df45',null,null,'Emilye Carvalho','@pinkchaaan_24','emiliabrasil63@gmail.com','https://photos.app.goo.gl/VsU8bCUnvRjbQuyn9',null,null,true,true,true,'💜','2026-07-01 23:26:34.699732+00','device_mqlp941s_t54iz7obtk') on conflict (id) do update set full_name=excluded.full_name, social_handle=excluded.social_handle, contact_email=excluded.contact_email, cloud_link=excluded.cloud_link, observation=excluded.observation, device_id=excluded.device_id;
insert into public.handbanner_art_submissions (id,user_id,google_email,full_name,social_handle,contact_email,cloud_link,term_agreement_link,minor_authorization_link,agree_term,agree_minor,agree_rules,observation,created_at,device_id) values ('0ddbd6bf-7bad-46b4-84d2-e83d41f04a65',null,null,'Meu nome','@meucontato no instagram','meuemail@gmail.com','https://drive.google.com/drive/folders/1erE1uvYVrPq9TpfBfeEwJ7S1QIS4hOx9?usp=sharing',null,null,true,true,true,null,'2026-06-21 19:42:39.005345+00','device_mqjii2al_ioeorjfwmm') on conflict (id) do update set full_name=excluded.full_name, social_handle=excluded.social_handle, contact_email=excluded.contact_email, cloud_link=excluded.cloud_link, observation=excluded.observation, device_id=excluded.device_id;
insert into public.handbanner_art_submissions (id,user_id,google_email,full_name,social_handle,contact_email,cloud_link,term_agreement_link,minor_authorization_link,agree_term,agree_minor,agree_rules,observation,created_at,device_id) values ('0e4834f9-8673-4b13-8cfb-cda0f32528a0',null,null,'Andrea Haag Bazzo','@deahaag','andrea.haag@gmail.com','https://drive.google.com/drive/folders/1_LJeCSsh1qpZ9fEj0mW1ce4swXOnQIDP',null,null,true,true,true,null,'2026-06-30 21:31:58.544532+00','device_mr155qy8_les8nurhc4') on conflict (id) do update set full_name=excluded.full_name, social_handle=excluded.social_handle, contact_email=excluded.contact_email, cloud_link=excluded.cloud_link, observation=excluded.observation, device_id=excluded.device_id;
insert into public.handbanner_art_submissions (id,user_id,google_email,full_name,social_handle,contact_email,cloud_link,term_agreement_link,minor_authorization_link,agree_term,agree_minor,agree_rules,observation,created_at,device_id) values ('12f311ce-5107-448c-99c4-64b22ca03dc6',null,null,'Mariana Camargo do Nascimento','@mia.u008 no instagram','mariart.camargo@gmail.com','https://drive.google.com/drive/u/1/folders/1pcwyOtAxnqciFRttUmJ-p5M9XswfH3Dj',null,null,true,true,true,'Olá, tudo bem? Só gostaria de avisar que, como desenhei alguns assets para os designs e os compilei no Canva, disponibilizei o arquivo PSD dessas ilustrações no Drive. O arquivo editável do banner exigido no regulamento está nos links do Canva dentro de cada arquivo DOC nas pastas, correspondendo ao seu respectivo design.

Estou enviando em um único Drive os arquivos dos três designs, um para cada frase. 
Caso haja algum problema com os links dentro dos DOCs, aqui está um link reserva com os três designs unificados: https://canva.link/eu8dhtn15cssq73

Muito obrigada pela oportunidade de homenagear o BTS!💜

(P.S: Não recebi um email de confirmação, embora o site me diga que um dos 3 envios já foi enviado, então estou enviando o mesmo mais uma vez por desencargo)','2026-07-01 22:28:19.541731+00','device_mr1e0rhu_8jutx70s29') on conflict (id) do update set full_name=excluded.full_name, social_handle=excluded.social_handle, contact_email=excluded.contact_email, cloud_link=excluded.cloud_link, observation=excluded.observation, device_id=excluded.device_id;
insert into public.handbanner_art_submissions (id,user_id,google_email,full_name,social_handle,contact_email,cloud_link,term_agreement_link,minor_authorization_link,agree_term,agree_minor,agree_rules,observation,created_at,device_id) values ('151f5879-3e1e-42b7-ba9b-d58f2df47f16',null,null,'Cami','TESTE TESTE','testetesteteste@gmail.com','https://testetestestestes.com.br',null,null,true,true,true,'TESTE','2026-06-19 13:00:28.054005+00','device_mqkxrk07_h4lnx1zfpb') on conflict (id) do update set full_name=excluded.full_name, social_handle=excluded.social_handle, contact_email=excluded.contact_email, cloud_link=excluded.cloud_link, observation=excluded.observation, device_id=excluded.device_id;
insert into public.handbanner_art_submissions (id,user_id,google_email,full_name,social_handle,contact_email,cloud_link,term_agreement_link,minor_authorization_link,agree_term,agree_minor,agree_rules,observation,created_at,device_id) values ('17db25db-d1e2-4deb-8b3b-773feabd34ab',null,null,'Malu Bourguignon','@hobiieart','bymalustudio@gmail.com','https://drive.google.com/drive/folders/15AbsAYupN5kczmPaD-EqrpAAd3A6Qagd?usp=drive_link',null,null,true,true,true,null,'2026-07-01 19:31:16.550208+00','device_mqtvu38g_8le9mn6go2') on conflict (id) do update set full_name=excluded.full_name, social_handle=excluded.social_handle, contact_email=excluded.contact_email, cloud_link=excluded.cloud_link, observation=excluded.observation, device_id=excluded.device_id;
insert into public.handbanner_art_submissions (id,user_id,google_email,full_name,social_handle,contact_email,cloud_link,term_agreement_link,minor_authorization_link,agree_term,agree_minor,agree_rules,observation,created_at,device_id) values ('1aea43f1-f053-4d34-bf86-6984b52fe6d6',null,null,'Jéssica Adriana de Carvalho Fernandes','@yunoaena no X/Twitter','jacf.2001@gmail.com','https://drive.google.com/drive/folders/1CD2ekjXyYihhtLOLuH94Wu8LNQBgne3f?usp=sharing',null,null,true,true,true,null,'2026-06-20 06:09:07.655781+00','device_mqkcsfal_tnp005gk2w') on conflict (id) do update set full_name=excluded.full_name, social_handle=excluded.social_handle, contact_email=excluded.contact_email, cloud_link=excluded.cloud_link, observation=excluded.observation, device_id=excluded.device_id;
insert into public.handbanner_art_submissions (id,user_id,google_email,full_name,social_handle,contact_email,cloud_link,term_agreement_link,minor_authorization_link,agree_term,agree_minor,agree_rules,observation,created_at,device_id) values ('2033de9c-157f-44de-adcc-f54c7b097b1c',null,null,'Kauany Kamille Souza da Silva','@Kampos_pin/Twitter.  @Kay._io/instagram','kamipinheiros@gmail.com','https://drive.google.com/drive/folders/1wMjIp-xooI4vLKl4HQfwjcyOH3P6-0pH?usp=drive_link',null,null,true,true,true,null,'2026-06-27 21:28:35.613288+00','device_mqwvddst_km8z8cgizl') on conflict (id) do update set full_name=excluded.full_name, social_handle=excluded.social_handle, contact_email=excluded.contact_email, cloud_link=excluded.cloud_link, observation=excluded.observation, device_id=excluded.device_id;
insert into public.handbanner_art_submissions (id,user_id,google_email,full_name,social_handle,contact_email,cloud_link,term_agreement_link,minor_authorization_link,agree_term,agree_minor,agree_rules,observation,created_at,device_id) values ('2638ff33-6bf0-4d1d-a64d-4f690fdaecf4',null,null,'ROBERTA DE SOUZA CORDEIRO SILVA','@bertacordeiro','robertaashba@gmail.com','https://drive.google.com/drive/folders/1555P4o3osbqUFPZ-bzpAJO4oNGwNk39K?usp=drive_link',null,null,true,true,true,null,'2026-06-30 16:27:24.300449+00','device_mr0t48dh_b66im54zmp') on conflict (id) do update set full_name=excluded.full_name, social_handle=excluded.social_handle, contact_email=excluded.contact_email, cloud_link=excluded.cloud_link, observation=excluded.observation, device_id=excluded.device_id;
insert into public.handbanner_art_submissions (id,user_id,google_email,full_name,social_handle,contact_email,cloud_link,term_agreement_link,minor_authorization_link,agree_term,agree_minor,agree_rules,observation,created_at,device_id) values ('264fdb06-62f7-4b18-8cdb-e16e83e6a27b',null,null,'Stefani Brito da Silva','@st3ee_ no instagram','stefanistc5634@gmail.com','https://drive.google.com/drive/folders/1BjHT1rcbpTC-xxyyPxJQC08ipywesmF4?usp=sharing',null,null,true,true,true,null,'2026-07-01 23:19:48.45961+00','device_mr12v50p_veqpsvw1m6') on conflict (id) do update set full_name=excluded.full_name, social_handle=excluded.social_handle, contact_email=excluded.contact_email, cloud_link=excluded.cloud_link, observation=excluded.observation, device_id=excluded.device_id;
insert into public.handbanner_art_submissions (id,user_id,google_email,full_name,social_handle,contact_email,cloud_link,term_agreement_link,minor_authorization_link,agree_term,agree_minor,agree_rules,observation,created_at,device_id) values ('267706c7-1b9e-43a0-abaa-cead53eb9474',null,null,'Gabriela Mendes Monteiro Godoi','@ost_mendes no Instagram','godoigabs@gmail.com','https://drive.google.com/drive/folders/1DBjB3lPnbKnj9_-CTSyAu4WyzFbgD-br?usp=sharing',null,null,true,true,true,null,'2026-06-28 19:37:21.889382+00','device_mqwo3vkh_nduvv89qo3') on conflict (id) do update set full_name=excluded.full_name, social_handle=excluded.social_handle, contact_email=excluded.contact_email, cloud_link=excluded.cloud_link, observation=excluded.observation, device_id=excluded.device_id;
insert into public.handbanner_art_submissions (id,user_id,google_email,full_name,social_handle,contact_email,cloud_link,term_agreement_link,minor_authorization_link,agree_term,agree_minor,agree_rules,observation,created_at,device_id) values ('2719a778-b324-415b-b6fd-432ea406993d',null,null,'Geeovana Zanin','@gee_zanin','armyzanin1997@gmail.com','https://drive.google.com/file/d/1svYwa1Ks0wZXdlsm7aKROsrpHuLvMerC/view?usp=drivesdk',null,null,true,true,true,'Eu enviei três banners, mas somente esse está certo, me desculpem pelo erro','2026-06-27 03:28:32.707892+00','device_mqvox21f_lneei9kqaq') on conflict (id) do update set full_name=excluded.full_name, social_handle=excluded.social_handle, contact_email=excluded.contact_email, cloud_link=excluded.cloud_link, observation=excluded.observation, device_id=excluded.device_id;
insert into public.handbanner_art_submissions (id,user_id,google_email,full_name,social_handle,contact_email,cloud_link,term_agreement_link,minor_authorization_link,agree_term,agree_minor,agree_rules,observation,created_at,device_id) values ('27eeeaa6-3c6e-4202-b505-aeddfbca5527',null,'aricnp00@gmail.com','Ariely Victoria de Souza Peres','@ariely_peres no Instagram','aricnp00@gmail.com','https://drive.google.com/drive/folders/1txHQ63c7B1aQ9WtlzHz6xpKL-jqgN60h?usp=sharing',null,null,true,true,true,'Link do drive com as minhas 2 artes de banner e o PDF com os links das artes editáveis pelo Canva.','2026-06-18 19:13:32.365871+00','device_mqjumqog_bb9ei64pvw') on conflict (id) do update set full_name=excluded.full_name, social_handle=excluded.social_handle, contact_email=excluded.contact_email, cloud_link=excluded.cloud_link, observation=excluded.observation, device_id=excluded.device_id;
insert into public.handbanner_art_submissions (id,user_id,google_email,full_name,social_handle,contact_email,cloud_link,term_agreement_link,minor_authorization_link,agree_term,agree_minor,agree_rules,observation,created_at,device_id) values ('28d2570f-74b6-4e90-97ab-80d5fadf3c47',null,null,'Anna Clara Lanes Oppa','@iS2jiminnie no x e instagram','lanesnina8@gmail.com','https://drive.google.com/drive/folders/1YQAApGqvlsfFDiwYC4oGXPFHTfeBAiB_?usp=sharing',null,null,true,true,true,null,'2026-06-24 21:40:51.56294+00','device_mqslj0g5_g2ko7nwenf') on conflict (id) do update set full_name=excluded.full_name, social_handle=excluded.social_handle, contact_email=excluded.contact_email, cloud_link=excluded.cloud_link, observation=excluded.observation, device_id=excluded.device_id;
insert into public.handbanner_art_submissions (id,user_id,google_email,full_name,social_handle,contact_email,cloud_link,term_agreement_link,minor_authorization_link,agree_term,agree_minor,agree_rules,observation,created_at,device_id) values ('2997aa0a-222b-40dc-a8a3-3fe490e74841',null,null,'Thais Gouveia','@WorldPurple13 (x)/ @thais_gouveiaa (Instagram)','purpleworld13.06@gmail.com','https://canva.link/1fmdqe96wjl9wg6',null,null,true,true,true,null,'2026-06-19 16:36:09.242277+00','device_mql4yam2_ne9p8024yl') on conflict (id) do update set full_name=excluded.full_name, social_handle=excluded.social_handle, contact_email=excluded.contact_email, cloud_link=excluded.cloud_link, observation=excluded.observation, device_id=excluded.device_id;
insert into public.handbanner_art_submissions (id,user_id,google_email,full_name,social_handle,contact_email,cloud_link,term_agreement_link,minor_authorization_link,agree_term,agree_minor,agree_rules,observation,created_at,device_id) values ('29c60bf3-5cb0-4db9-ade3-012628a6306c',null,null,'teste','teste','tese@gmail.com','https://barmy360.com.br/envio-handbanner-artes.html',null,null,true,true,true,'teste','2026-06-19 13:00:57.816585+00','device_mqkxrxgu_4z35t654oz') on conflict (id) do update set full_name=excluded.full_name, social_handle=excluded.social_handle, contact_email=excluded.contact_email, cloud_link=excluded.cloud_link, observation=excluded.observation, device_id=excluded.device_id;
insert into public.handbanner_art_submissions (id,user_id,google_email,full_name,social_handle,contact_email,cloud_link,term_agreement_link,minor_authorization_link,agree_term,agree_minor,agree_rules,observation,created_at,device_id) values ('2e73c070-4399-4b54-ba95-3fa2f91df5ce',null,null,'Fernanda Maria de Brito Silva Medeiros','@fernandabriito instagram | @ferbrt1 instagram e tiktok','febritomedeiros@gmail.com','https://drive.google.com/drive/u/0/folders/1L2TZoI8mydnPyz_jR7uqZ6YAniuFs3kw',null,null,true,true,true,'Army 화이팅!!! 💜💜💜','2026-06-25 21:48:19.251716+00','device_mqr91z5q_d38g6zzs5m') on conflict (id) do update set full_name=excluded.full_name, social_handle=excluded.social_handle, contact_email=excluded.contact_email, cloud_link=excluded.cloud_link, observation=excluded.observation, device_id=excluded.device_id;
insert into public.handbanner_art_submissions (id,user_id,google_email,full_name,social_handle,contact_email,cloud_link,term_agreement_link,minor_authorization_link,agree_term,agree_minor,agree_rules,observation,created_at,device_id) values ('3046c11d-f416-4a66-84df-08db17b693c5',null,null,'Aissa Isabela Marinho Leandro','@iisamarinhoo','marinhoisabella713@gmail.com','https://drive.google.com/drive/folders/1-Hx3YmP1jDYFHQ4-bEwb7RUF4Y3Ypls8',null,null,true,true,true,null,'2026-06-19 14:49:14.286516+00','device_mql1n4xr_8hc3fx1alo') on conflict (id) do update set full_name=excluded.full_name, social_handle=excluded.social_handle, contact_email=excluded.contact_email, cloud_link=excluded.cloud_link, observation=excluded.observation, device_id=excluded.device_id;
insert into public.handbanner_art_submissions (id,user_id,google_email,full_name,social_handle,contact_email,cloud_link,term_agreement_link,minor_authorization_link,agree_term,agree_minor,agree_rules,observation,created_at,device_id) values ('37dc51b7-1480-4231-9b2c-8ea5bb44870a',null,null,'Rayane Alves Coelho','@rayannealvescoelho','raianealvesneto@gmail.com','https://photos.google.com/u/1/photo/AF1QipNfMv4MP3FbBxx0urKcZ14OXZf4a7bbZYu4dyim',null,null,true,true,true,null,'2026-06-19 17:26:55.889267+00','device_mqjzt6im_1z04uuzxzb') on conflict (id) do update set full_name=excluded.full_name, social_handle=excluded.social_handle, contact_email=excluded.contact_email, cloud_link=excluded.cloud_link, observation=excluded.observation, device_id=excluded.device_id;
insert into public.handbanner_art_submissions (id,user_id,google_email,full_name,social_handle,contact_email,cloud_link,term_agreement_link,minor_authorization_link,agree_term,agree_minor,agree_rules,observation,created_at,device_id) values ('38620639-61a0-47be-ae82-ec6347daef08',null,null,'Ash Lopes de Paula','@sunoopudiim (twitter/X)','loopesgabii2008@gmail.com','https://drive.google.com/drive/folders/1VKnu6RCjLBRuRbEoPzeUAaBnw9yDe_4t',null,'https://drive.google.com/file/d/1Pwn1_lyZsJclJ10vbNuldhDufm2Z-oED/view?usp=drivesdk',true,true,true,null,'2026-07-02 01:01:33.068632+00','device_mqn0h8ny_4qri92kked') on conflict (id) do update set full_name=excluded.full_name, social_handle=excluded.social_handle, contact_email=excluded.contact_email, cloud_link=excluded.cloud_link, observation=excluded.observation, device_id=excluded.device_id;
insert into public.handbanner_art_submissions (id,user_id,google_email,full_name,social_handle,contact_email,cloud_link,term_agreement_link,minor_authorization_link,agree_term,agree_minor,agree_rules,observation,created_at,device_id) values ('389157d7-2507-4bb8-80c8-74e0a0e363ba',null,null,'Malu Goulart','@malugoulartt no Instagram / @missundrstd_ no X','malugoulart96@gmail.com','https://drive.google.com/drive/folders/1yiqVKFcMyQROxZvojUGTWdfBXJ42eE01?usp=sharing',null,null,true,true,true,'Se estiver com algum nome de arquivo errado, só avisar :)','2026-07-01 02:22:03.122532+00','device_mqwvus2f_88vyx50smj') on conflict (id) do update set full_name=excluded.full_name, social_handle=excluded.social_handle, contact_email=excluded.contact_email, cloud_link=excluded.cloud_link, observation=excluded.observation, device_id=excluded.device_id;
insert into public.handbanner_art_submissions (id,user_id,google_email,full_name,social_handle,contact_email,cloud_link,term_agreement_link,minor_authorization_link,agree_term,agree_minor,agree_rules,observation,created_at,device_id) values ('3a260be9-4639-4662-9903-cc21fde3e7e5',null,null,'Alessandra Gomes','@alesgomes no Instagram','alesgomes63@gmail.com','https://drive.google.com/drive/folders/179y9PS2R4WPiaeP7kUtVPMU_u-fyAtf_?usp=sharing',null,null,true,true,true,'Eu não sei exatamente o que escrever no verso e tambem não sei se coloquei os arquivos da maneira correta.
Se precisar de algum ajuste, podem me chamar.','2026-06-30 21:19:31.237432+00','device_mql26z0f_5bpc82vgqp') on conflict (id) do update set full_name=excluded.full_name, social_handle=excluded.social_handle, contact_email=excluded.contact_email, cloud_link=excluded.cloud_link, observation=excluded.observation, device_id=excluded.device_id;
insert into public.handbanner_art_submissions (id,user_id,google_email,full_name,social_handle,contact_email,cloud_link,term_agreement_link,minor_authorization_link,agree_term,agree_minor,agree_rules,observation,created_at,device_id) values ('3e4d1e69-d854-4fc0-acbc-6a4b60b75b03','cd05e36c-e3c3-4a12-a114-4e865b67b0a3','suporte2barmy360@gmail.com','Camile Gabardo Peloso','@mnijeonjm twitter | @camilepeloso instagram','camilepeloso@gmail.com','https://drive.google.com/drive/folders/1TUT6P88mInkwnuWI_AKwuLHHB38uYvFj?usp=sharing',null,null,true,true,true,null,'2026-06-24 20:00:27.605475+00','device_mqjw49qo_aak6f09p8m') on conflict (id) do update set full_name=excluded.full_name, social_handle=excluded.social_handle, contact_email=excluded.contact_email, cloud_link=excluded.cloud_link, observation=excluded.observation, device_id=excluded.device_id;
insert into public.handbanner_art_submissions (id,user_id,google_email,full_name,social_handle,contact_email,cloud_link,term_agreement_link,minor_authorization_link,agree_term,agree_minor,agree_rules,observation,created_at,device_id) values ('3e752306-3c08-4c0c-924f-21a017e8f82b',null,null,'Ana Carolina Carvalho dos Passos','@luvonkth (X/Twitter) I @itscarolpassos (Instagram)','caeolpassosdesigncontato@gmail.com','https://drive.google.com/drive/folders/1fhn6ZwNFYDieu63WfEsIGXFxxdqdGb1d?usp=sharing',null,null,true,true,true,null,'2026-07-02 06:11:00.618924+00','device_mr33iu38_vpo32o58nq') on conflict (id) do update set full_name=excluded.full_name, social_handle=excluded.social_handle, contact_email=excluded.contact_email, cloud_link=excluded.cloud_link, observation=excluded.observation, device_id=excluded.device_id;
insert into public.handbanner_art_submissions (id,user_id,google_email,full_name,social_handle,contact_email,cloud_link,term_agreement_link,minor_authorization_link,agree_term,agree_minor,agree_rules,observation,created_at,device_id) values ('3eba16d7-5c0e-451f-bb63-ba8e91ad1de2',null,null,'Thais Gouveia','@WorldPurple13 (x)/ @thais_gouveiaa (Instagram)','purpleworld13.06@gmail.com','https://canva.link/wz9ppejj64xg6ci',null,null,true,true,true,null,'2026-06-19 16:35:28.215005+00','device_mql4yam2_ne9p8024yl') on conflict (id) do update set full_name=excluded.full_name, social_handle=excluded.social_handle, contact_email=excluded.contact_email, cloud_link=excluded.cloud_link, observation=excluded.observation, device_id=excluded.device_id;
insert into public.handbanner_art_submissions (id,user_id,google_email,full_name,social_handle,contact_email,cloud_link,term_agreement_link,minor_authorization_link,agree_term,agree_minor,agree_rules,observation,created_at,device_id) values ('3f2505f8-9491-4d29-8b88-f34d8683122c',null,null,'Rayane Alves Coelho','@rayannealvescoelho','raianealvesneto@gmail.com','https://photos.google.com/u/1/photo/AF1QipMaSMLR87GmLOocaaOB6AIqoQeVWEMJnkU9a-41',null,null,true,true,true,null,'2026-06-19 17:26:15.212521+00','device_mqjzt6im_1z04uuzxzb') on conflict (id) do update set full_name=excluded.full_name, social_handle=excluded.social_handle, contact_email=excluded.contact_email, cloud_link=excluded.cloud_link, observation=excluded.observation, device_id=excluded.device_id;
insert into public.handbanner_art_submissions (id,user_id,google_email,full_name,social_handle,contact_email,cloud_link,term_agreement_link,minor_authorization_link,agree_term,agree_minor,agree_rules,observation,created_at,device_id) values ('4077e14c-90af-4830-8085-84d040739493',null,'suportebarmy360@gmail.com','zy fazendo teste','@barmy360','suportebarmy360@gmail.com','https://barmy360.com.br/envio-handbanner-artes.html',null,'https://barmy360.com.br/envio-handbanner-artes.html',true,true,true,'teste','2026-06-18 00:42:53.896315+00','device_mqir21bx_qh7hgrhqjq') on conflict (id) do update set full_name=excluded.full_name, social_handle=excluded.social_handle, contact_email=excluded.contact_email, cloud_link=excluded.cloud_link, observation=excluded.observation, device_id=excluded.device_id;
insert into public.handbanner_art_submissions (id,user_id,google_email,full_name,social_handle,contact_email,cloud_link,term_agreement_link,minor_authorization_link,agree_term,agree_minor,agree_rules,observation,created_at,device_id) values ('415292de-78a7-485e-aa20-03fbb56c5b74',null,null,'Izadora Rocha Leite','@jjooniefav no Twitter','izadora.leite5@gmail.com','https://drive.google.com/drive/folders/1eETXYkDwyMK-u7JY2HAzinHrI9Frzdd_?usp=sharing',null,null,true,true,true,'Muito obrigada pelo serviço de vocês.','2026-07-02 07:36:05.804582+00','device_mr36m6gh_zt3pgu55f1') on conflict (id) do update set full_name=excluded.full_name, social_handle=excluded.social_handle, contact_email=excluded.contact_email, cloud_link=excluded.cloud_link, observation=excluded.observation, device_id=excluded.device_id;
insert into public.handbanner_art_submissions (id,user_id,google_email,full_name,social_handle,contact_email,cloud_link,term_agreement_link,minor_authorization_link,agree_term,agree_minor,agree_rules,observation,created_at,device_id) values ('42e9329e-f007-4463-940c-6d6e48039b16',null,null,'Mariana Olivieira de Castro','@fleursgoogie no X/Twitter','aricastro2510@gmail.com','https://drive.google.com/drive/folders/17p4l6YxtmLg-51mUXMMjM3OHzKLqG9SY?usp=sharing',null,null,true,true,true,null,'2026-06-28 17:57:51.847226+00','device_mqwm1ri8_nkv7x75riy') on conflict (id) do update set full_name=excluded.full_name, social_handle=excluded.social_handle, contact_email=excluded.contact_email, cloud_link=excluded.cloud_link, observation=excluded.observation, device_id=excluded.device_id;
insert into public.handbanner_art_submissions (id,user_id,google_email,full_name,social_handle,contact_email,cloud_link,term_agreement_link,minor_authorization_link,agree_term,agree_minor,agree_rules,observation,created_at,device_id) values ('45fb9521-8b57-4328-a631-b2ab57f924ba',null,null,'Luana Maciel Fonseca','x.com/_SoulDesign e instagram.com/soul_dgn/','luanamacielf@gmail.com','https://drive.google.com/drive/folders/1DiV7MzYl7ZAZWm-uyIlEZcsf-uc6dqPo?usp=sharing',null,null,true,true,true,'Ps: após as questões com o ultimo processo de handbanner, eu cheguei a postar a arte nas minhas redes depois das polemicas. Li o edital e não vi nenhum ponto que eliminasse a candidatura por conta disso, mas caso precise, eu apago a postagem.

Postagem: https://x.com/_SoulDesign/status/2057131518657482850','2026-06-28 21:48:45.341328+00','device_mqjoweue_xollvmpa98') on conflict (id) do update set full_name=excluded.full_name, social_handle=excluded.social_handle, contact_email=excluded.contact_email, cloud_link=excluded.cloud_link, observation=excluded.observation, device_id=excluded.device_id;
insert into public.handbanner_art_submissions (id,user_id,google_email,full_name,social_handle,contact_email,cloud_link,term_agreement_link,minor_authorization_link,agree_term,agree_minor,agree_rules,observation,created_at,device_id) values ('463986c0-3418-46b7-b731-8ea2d0567193',null,null,'Thainá Da Gama Nascimento','@zexwty no Instagram','thainagama412@gmail.com','https://docs.google.com/document/d/1z2hJyKkvd1BvPJ1aJwpVoX47DI_NamvE/edit?usp=drivesdk&ouid=116051829706966287847&rtpof=true&sd=true',null,null,true,true,true,null,'2026-06-23 23:19:27.108845+00','device_mqjv6o3k_85wo8mxfpq') on conflict (id) do update set full_name=excluded.full_name, social_handle=excluded.social_handle, contact_email=excluded.contact_email, cloud_link=excluded.cloud_link, observation=excluded.observation, device_id=excluded.device_id;
insert into public.handbanner_art_submissions (id,user_id,google_email,full_name,social_handle,contact_email,cloud_link,term_agreement_link,minor_authorization_link,agree_term,agree_minor,agree_rules,observation,created_at,device_id) values ('49891f69-8f67-46e0-9280-576e70cfe3ad',null,null,'Geeovana Zanin','@gee_zanin','armyzanin1997@gmail.com','https://drive.google.com/file/d/1j5yzQR1c0zekqt09sMnYPTSpbXGadHzY/view?usp=drivesdk',null,null,true,true,true,'Feito com muito amor, carinho e cuidado','2026-06-27 01:58:12.34268+00','device_mqvox21f_lneei9kqaq') on conflict (id) do update set full_name=excluded.full_name, social_handle=excluded.social_handle, contact_email=excluded.contact_email, cloud_link=excluded.cloud_link, observation=excluded.observation, device_id=excluded.device_id;
insert into public.handbanner_art_submissions (id,user_id,google_email,full_name,social_handle,contact_email,cloud_link,term_agreement_link,minor_authorization_link,agree_term,agree_minor,agree_rules,observation,created_at,device_id) values ('4f1abebe-2ee2-4fd1-adce-510b55f8b6df',null,null,'mary teste','taeliarz on x','eamary@gmail.com','https://drive.google.com/drive/folders/1weOVBVDRVqF5R3uh5kCuEqPhxGt1eei3?usp=drive_link',null,null,true,true,true,'teste mary','2026-06-19 13:42:56.93594+00','device_mqjii2al_ioeorjfwmm') on conflict (id) do update set full_name=excluded.full_name, social_handle=excluded.social_handle, contact_email=excluded.contact_email, cloud_link=excluded.cloud_link, observation=excluded.observation, device_id=excluded.device_id;
insert into public.handbanner_art_submissions (id,user_id,google_email,full_name,social_handle,contact_email,cloud_link,term_agreement_link,minor_authorization_link,agree_term,agree_minor,agree_rules,observation,created_at,device_id) values ('51976101-6c08-4939-a07c-73fa0fd99b35',null,null,'Sofia Marlene Araújo Cardoso Gondim','@silkensofi no twitter/X','sofimarlene13@gmail.com','https://drive.google.com/drive/folders/1ChtpLbZeGmIwfmDVkabzkoSVZTyzorvC?usp=sharing',null,null,true,true,true,'Gente só queria dizer que foi emocionante poder participar pela primeira vez de um projeto tão grande assim! espero fazer parte dessas coisas mais vezes!','2026-06-23 00:27:53.03389+00','device_mqlsmmgx_pe1lmtiumh') on conflict (id) do update set full_name=excluded.full_name, social_handle=excluded.social_handle, contact_email=excluded.contact_email, cloud_link=excluded.cloud_link, observation=excluded.observation, device_id=excluded.device_id;
insert into public.handbanner_art_submissions (id,user_id,google_email,full_name,social_handle,contact_email,cloud_link,term_agreement_link,minor_authorization_link,agree_term,agree_minor,agree_rules,observation,created_at,device_id) values ('546a77e7-7995-4f16-91f7-94e2d409cfae',null,null,'Angel Guimarães','@wonngelic no twitter','glvy0301@gmail.com','https://drive.google.com/drive/folders/1D_xEN4TiidHCQHUzreBaEuCJ7_NZ451Z?usp=sharing',null,null,true,true,true,null,'2026-07-01 19:54:28.070419+00','device_mr2g5kyd_sxdhw0ogjz') on conflict (id) do update set full_name=excluded.full_name, social_handle=excluded.social_handle, contact_email=excluded.contact_email, cloud_link=excluded.cloud_link, observation=excluded.observation, device_id=excluded.device_id;
insert into public.handbanner_art_submissions (id,user_id,google_email,full_name,social_handle,contact_email,cloud_link,term_agreement_link,minor_authorization_link,agree_term,agree_minor,agree_rules,observation,created_at,device_id) values ('56c9fe69-3635-4e8a-af69-cd7ab23b03a9',null,null,'Stefanie Akemi Vieira Matsuo','@ak_kemii_ no X/Twitter','akemivmatsuo@gmail.com','https://drive.google.com/drive/folders/1XM7rgDj-WQUFeF57183Y4X-mdAwruNH2',null,null,true,true,true,'Oi! 💜

Como tive algumas dificuldades para disponibilizar o link de acesso editável do hand banner e também para compartilhar o PDF da apresentação do projeto, resolvi deixar dois arquivos de texto com os links dentro: um da apresentação e outro do hand banner editável. 🫶

Ah, e uma observação: apesar de eu já ter escolhido a frase do banner, deixei a data como "00.10.26", porque ainda não sabia qual seria a data definida para a ação kkk. Mas fiquem tranquilos, porque é só editar no arquivo do hand banner que dá para ajustar direitinho! 💕','2026-06-19 16:39:01.74457+00','device_mql58rpl_49g3qrhfw4') on conflict (id) do update set full_name=excluded.full_name, social_handle=excluded.social_handle, contact_email=excluded.contact_email, cloud_link=excluded.cloud_link, observation=excluded.observation, device_id=excluded.device_id;
insert into public.handbanner_art_submissions (id,user_id,google_email,full_name,social_handle,contact_email,cloud_link,term_agreement_link,minor_authorization_link,agree_term,agree_minor,agree_rules,observation,created_at,device_id) values ('5b713f18-56d6-40f4-a995-4e3a53d1e0ba',null,null,'Gabrielle de Jesus Soares','myoonshinee','gabrielle.jesus146@hotmail.com','https://drive.google.com/drive/folders/1W5WaO-GJ1oCpuXNb-DlmSn2M8xshCxa5?usp=sharing',null,null,true,true,true,null,'2026-06-28 16:22:09.176932+00','device_mqxzqqx9_iy368p18qa') on conflict (id) do update set full_name=excluded.full_name, social_handle=excluded.social_handle, contact_email=excluded.contact_email, cloud_link=excluded.cloud_link, observation=excluded.observation, device_id=excluded.device_id;
insert into public.handbanner_art_submissions (id,user_id,google_email,full_name,social_handle,contact_email,cloud_link,term_agreement_link,minor_authorization_link,agree_term,agree_minor,agree_rules,observation,created_at,device_id) values ('635e4763-224c-4359-8382-741e4c9699df',null,null,'Thais Gouveia Dornelles','@thais_gouveiaa','gouveiathais94@gmail.com','https://canva.link/w2prkfxxo4q7sei',null,null,true,true,true,null,'2026-06-19 16:45:07.417403+00','device_mql5pwug_3xh2zk6giw') on conflict (id) do update set full_name=excluded.full_name, social_handle=excluded.social_handle, contact_email=excluded.contact_email, cloud_link=excluded.cloud_link, observation=excluded.observation, device_id=excluded.device_id;
insert into public.handbanner_art_submissions (id,user_id,google_email,full_name,social_handle,contact_email,cloud_link,term_agreement_link,minor_authorization_link,agree_term,agree_minor,agree_rules,observation,created_at,device_id) values ('65987e06-2ada-432d-a44d-82e8252e40c2',null,null,'isabelle ferreira','belleacmoura no ig/ jjkruie no twt','isabellecarolina938@icloud.com','https://drive.google.com/drive/folders/1MFKyfdBFDlwJB3VgTEWH-Y51Yp9Gv6z-',null,null,true,true,true,'caso seja necessário posso fazer alterações! também estou aberta a mudança ou sugestões em relação a elementos dos 3 banners.','2026-07-02 20:17:35.782868+00','device_mr3xln9m_4hvee02zbs') on conflict (id) do update set full_name=excluded.full_name, social_handle=excluded.social_handle, contact_email=excluded.contact_email, cloud_link=excluded.cloud_link, observation=excluded.observation, device_id=excluded.device_id;
insert into public.handbanner_art_submissions (id,user_id,google_email,full_name,social_handle,contact_email,cloud_link,term_agreement_link,minor_authorization_link,agree_term,agree_minor,agree_rules,observation,created_at,device_id) values ('67f1ba6c-2140-4d2b-b247-3e351bf633a7','cd05e36c-e3c3-4a12-a114-4e865b67b0a3','suporte2barmy360@gmail.com','Alicia Eduarda','@kookyeh7 no X/Twitter','artrixystudio@gmail.com','https://drive.google.com/drive/folders/1QsBFLfdGYEJ0CswSSB7xWsdKEMh_guT_?usp=sharing',null,null,true,true,true,null,'2026-06-30 13:05:39.528111+00','device_mqxdlpgg_5sz0o5pec1') on conflict (id) do update set full_name=excluded.full_name, social_handle=excluded.social_handle, contact_email=excluded.contact_email, cloud_link=excluded.cloud_link, observation=excluded.observation, device_id=excluded.device_id;
insert into public.handbanner_art_submissions (id,user_id,google_email,full_name,social_handle,contact_email,cloud_link,term_agreement_link,minor_authorization_link,agree_term,agree_minor,agree_rules,observation,created_at,device_id) values ('7031a0fa-7562-4057-94c0-5cf133f083fe',null,null,'Bianca Araújo de Morais','@Bhiazinha_nhaa  (instagram)','Bianca2813jm@gmail.com','https://drive.google.com/drive/folders/1B6TZi0OXOhdjK85HVlOt5ivUVPXwBANT',null,null,true,true,true,'As artes foram feitas no IbisPAINT.','2026-07-01 01:46:51.732063+00','device_mr1a4rka_oulktymul8') on conflict (id) do update set full_name=excluded.full_name, social_handle=excluded.social_handle, contact_email=excluded.contact_email, cloud_link=excluded.cloud_link, observation=excluded.observation, device_id=excluded.device_id;
insert into public.handbanner_art_submissions (id,user_id,google_email,full_name,social_handle,contact_email,cloud_link,term_agreement_link,minor_authorization_link,agree_term,agree_minor,agree_rules,observation,created_at,device_id) values ('7bae91b4-058f-42b8-bba5-596eb3f017e8',null,null,'Beatrice Rech','@bewany no Instagram','bewanyart@gmail.com','https://drive.google.com/drive/folders/1oBiYFtuqLfMgrSrtURD6DAZoi3hxXtwl?usp=drive_link',null,null,true,true,true,':)','2026-07-01 00:09:27.531175+00','device_mqzzhul4_vku5axc31p') on conflict (id) do update set full_name=excluded.full_name, social_handle=excluded.social_handle, contact_email=excluded.contact_email, cloud_link=excluded.cloud_link, observation=excluded.observation, device_id=excluded.device_id;
insert into public.handbanner_art_submissions (id,user_id,google_email,full_name,social_handle,contact_email,cloud_link,term_agreement_link,minor_authorization_link,agree_term,agree_minor,agree_rules,observation,created_at,device_id) values ('7be4861b-af5d-4523-be77-af0e4780f794','cd05e36c-e3c3-4a12-a114-4e865b67b0a3','suporte2barmy360@gmail.com','testezy','@barmy360','suporte2barmy360@gmail.com','https://barmy360.com.br/envio-handbanner-artes.html',null,null,true,true,true,null,'2026-06-19 05:25:17.399424+00','device_mqkh8hj4_a3wddsl9cd') on conflict (id) do update set full_name=excluded.full_name, social_handle=excluded.social_handle, contact_email=excluded.contact_email, cloud_link=excluded.cloud_link, observation=excluded.observation, device_id=excluded.device_id;
insert into public.handbanner_art_submissions (id,user_id,google_email,full_name,social_handle,contact_email,cloud_link,term_agreement_link,minor_authorization_link,agree_term,agree_minor,agree_rules,observation,created_at,device_id) values ('7f215387-da06-40f3-a06e-cbbe380e1c8f',null,null,'Maria Clara Fidelis Claudio','@sunflower.graphics no Instagram','graphicsunny.20@gmail.com','https://drive.google.com/drive/folders/1TGUmaXQsxo1sy5nlKysdysb9ZF1TJ7iT',null,null,true,true,true,'Me chamo Maria Clara, mas eu me refiro como Sunny, ou apenas Sun, no Instagram que inseri. Então, se caso eu for uma das ganhadoras, gostaria de ser chamada pelo nome artístico.','2026-06-25 01:04:55.311484+00','device_mqmk5eaj_epenauykce') on conflict (id) do update set full_name=excluded.full_name, social_handle=excluded.social_handle, contact_email=excluded.contact_email, cloud_link=excluded.cloud_link, observation=excluded.observation, device_id=excluded.device_id;
insert into public.handbanner_art_submissions (id,user_id,google_email,full_name,social_handle,contact_email,cloud_link,term_agreement_link,minor_authorization_link,agree_term,agree_minor,agree_rules,observation,created_at,device_id) values ('838a748b-f094-48ac-9523-c1f816364b4e',null,null,'ISABELLA FELIX BELASQUES BACCARINI','Instagram @bellafelix2006','bellafelixgacha@gmail.com','https://drive.google.com/drive/folders/1t3UK7VLuN2HM9Hd66SDju9jNlVVgJGQJ',null,null,true,true,true,null,'2026-06-30 23:37:10.618265+00','device_mr0wcexm_44pn5lqora') on conflict (id) do update set full_name=excluded.full_name, social_handle=excluded.social_handle, contact_email=excluded.contact_email, cloud_link=excluded.cloud_link, observation=excluded.observation, device_id=excluded.device_id;
insert into public.handbanner_art_submissions (id,user_id,google_email,full_name,social_handle,contact_email,cloud_link,term_agreement_link,minor_authorization_link,agree_term,agree_minor,agree_rules,observation,created_at,device_id) values ('89c8775d-5c0b-4544-864d-4f64dbaae090',null,null,'Evelyn Gomes de Lima','@gimmeatae no X','evelyngomesdelima@gmail.com','https://drive.google.com/drive/folders/1ATLalav95s4kY4lz2_Aba-YKvORqi4D8?usp=sharing',null,null,true,true,true,null,'2026-07-01 18:41:43.252143+00','device_mr1pnra8_sk7s71j83i') on conflict (id) do update set full_name=excluded.full_name, social_handle=excluded.social_handle, contact_email=excluded.contact_email, cloud_link=excluded.cloud_link, observation=excluded.observation, device_id=excluded.device_id;
insert into public.handbanner_art_submissions (id,user_id,google_email,full_name,social_handle,contact_email,cloud_link,term_agreement_link,minor_authorization_link,agree_term,agree_minor,agree_rules,observation,created_at,device_id) values ('8adeec19-c8fb-4e1d-a930-4ba44a59bfb2',null,null,'Thais Gouveia Dornelles','@thais_gouveiaa','gouveiathais94@gmail.com','https://www.canva.com/design/DAHNCGIfeFY/WTUkvtdci6UtnwrsIAEpIQ/edit?utm_content=DAHNCGIfeFY&utm_campaign=designshare&utm_medium=link2&utm_source=sharebutton',null,null,true,true,true,null,'2026-06-19 16:44:38.148214+00','device_mql5pwug_3xh2zk6giw') on conflict (id) do update set full_name=excluded.full_name, social_handle=excluded.social_handle, contact_email=excluded.contact_email, cloud_link=excluded.cloud_link, observation=excluded.observation, device_id=excluded.device_id;
insert into public.handbanner_art_submissions (id,user_id,google_email,full_name,social_handle,contact_email,cloud_link,term_agreement_link,minor_authorization_link,agree_term,agree_minor,agree_rules,observation,created_at,device_id) values ('8bd799b1-fafb-49af-8cd2-dcdc86fc805d',null,null,'Geeovana Zanin','@gee_zanin','armyzanin1997@gmail.com','https://drive.google.com/file/d/1s43qHDpT_rFaUypL4IZpMWrXubLQzxOq/view?usp=drivesdk',null,null,true,true,true,'Foi feito com muito carinho e amor','2026-06-27 01:44:26.399725+00','device_mqvox21f_lneei9kqaq') on conflict (id) do update set full_name=excluded.full_name, social_handle=excluded.social_handle, contact_email=excluded.contact_email, cloud_link=excluded.cloud_link, observation=excluded.observation, device_id=excluded.device_id;
insert into public.handbanner_art_submissions (id,user_id,google_email,full_name,social_handle,contact_email,cloud_link,term_agreement_link,minor_authorization_link,agree_term,agree_minor,agree_rules,observation,created_at,device_id) values ('90e0c684-ce13-4366-abba-9c3dc303df26',null,null,'Nicole Angelis Dantas Sarmento de Araujo','@blzedsun no X/twitter','angelisnicolearaujo@gmail.com','https://drive.google.com/drive/folders/1KC998KVL21I3mjKUBFcFOkdJE0Uh8rGz',null,null,true,true,true,null,'2026-07-01 03:41:39.673131+00','device_mr1i40cs_afxy46hy4o') on conflict (id) do update set full_name=excluded.full_name, social_handle=excluded.social_handle, contact_email=excluded.contact_email, cloud_link=excluded.cloud_link, observation=excluded.observation, device_id=excluded.device_id;
insert into public.handbanner_art_submissions (id,user_id,google_email,full_name,social_handle,contact_email,cloud_link,term_agreement_link,minor_authorization_link,agree_term,agree_minor,agree_rules,observation,created_at,device_id) values ('94f46b75-818b-456c-aaea-6a34ca107834',null,'andrezza.almeida.hentzy.ribeiro@gmail.com','Andrezza Hentzy','@SerenJiminty_13 no X','andrezza.almeida.hentzy.ribeiro@gmail.com','https://drive.google.com/drive/folders/1lVmj7FcPvHIq_-47gaV-EKcZjftt-8oj',null,null,true,true,true,null,'2026-06-18 16:53:37.742734+00','device_mqjmuk7i_itugcn31q6') on conflict (id) do update set full_name=excluded.full_name, social_handle=excluded.social_handle, contact_email=excluded.contact_email, cloud_link=excluded.cloud_link, observation=excluded.observation, device_id=excluded.device_id;
insert into public.handbanner_art_submissions (id,user_id,google_email,full_name,social_handle,contact_email,cloud_link,term_agreement_link,minor_authorization_link,agree_term,agree_minor,agree_rules,observation,created_at,device_id) values ('9800fb36-2656-474f-83d5-672514570d54',null,null,'Vitória Prado Orseli','@vivilovesjjk no X/Twitter. @vivi.pra.ors no Instagram','vitoriaorseli@gmail.com','https://drive.google.com/drive/folders/1o5Ft4aUFws8jHStcayKCzwuCrE06U3v5?usp=drive_link',null,null,true,true,true,null,'2026-06-30 13:29:33.991764+00','device_mr0omx1t_90q5788amu') on conflict (id) do update set full_name=excluded.full_name, social_handle=excluded.social_handle, contact_email=excluded.contact_email, cloud_link=excluded.cloud_link, observation=excluded.observation, device_id=excluded.device_id;
insert into public.handbanner_art_submissions (id,user_id,google_email,full_name,social_handle,contact_email,cloud_link,term_agreement_link,minor_authorization_link,agree_term,agree_minor,agree_rules,observation,created_at,device_id) values ('985b5b05-8cf3-4190-936b-3f1a08801ef1',null,null,'Elio Azevedo da Silva','@sectorsol no X/Twitter ou @sectorsolarts no Instagram','joshuaboyfriend@gmail.com','https://drive.google.com/drive/folders/1VSQ4zt_Ycy8lLq9tEJI7ZR6bui32gROz?usp=sharing',null,null,true,true,true,'Oiii ! Uns dias atras eu enviei um banner mas eu acabei tendo outra ideia e resolvi fazer mais um, espero que não tenha problema!','2026-06-28 17:44:27.902419+00','device_mqpt40gk_atam3re1a7') on conflict (id) do update set full_name=excluded.full_name, social_handle=excluded.social_handle, contact_email=excluded.contact_email, cloud_link=excluded.cloud_link, observation=excluded.observation, device_id=excluded.device_id;
insert into public.handbanner_art_submissions (id,user_id,google_email,full_name,social_handle,contact_email,cloud_link,term_agreement_link,minor_authorization_link,agree_term,agree_minor,agree_rules,observation,created_at,device_id) values ('9b2ddce8-e6e0-4405-849b-13ad62569630',null,null,'Giovana Bernardine Antunes','@ddayvivi','moonygjm@gmail.com','https://drive.google.com/drive/folders/1Fm7s8TStNbpDU-Pd1LY7O_NEqa9zfJVL?usp=sharing',null,null,true,true,true,null,'2026-06-28 23:15:08.534752+00','device_mqjryxav_7f128w7dg5') on conflict (id) do update set full_name=excluded.full_name, social_handle=excluded.social_handle, contact_email=excluded.contact_email, cloud_link=excluded.cloud_link, observation=excluded.observation, device_id=excluded.device_id;
insert into public.handbanner_art_submissions (id,user_id,google_email,full_name,social_handle,contact_email,cloud_link,term_agreement_link,minor_authorization_link,agree_term,agree_minor,agree_rules,observation,created_at,device_id) values ('9b994af0-7093-47b6-9804-43c189d2f03d',null,null,'Thais Gouveia','@WorldPurple13 (x)/ @thais_gouveiaa (Instagram)','tlgouveia.2014@gmail.com','https://canva.link/0wj0i27mfwa54og',null,null,true,true,true,null,'2026-06-19 16:36:53.14499+00','device_mql4yam2_ne9p8024yl') on conflict (id) do update set full_name=excluded.full_name, social_handle=excluded.social_handle, contact_email=excluded.contact_email, cloud_link=excluded.cloud_link, observation=excluded.observation, device_id=excluded.device_id;
insert into public.handbanner_art_submissions (id,user_id,google_email,full_name,social_handle,contact_email,cloud_link,term_agreement_link,minor_authorization_link,agree_term,agree_minor,agree_rules,observation,created_at,device_id) values ('a0bd35ab-7af1-4aa8-ab9e-ad0a46da3d55',null,null,'Ana Clara Santos de Oliveira','@tggkdiorama','annaclarinha567@gmail.com','https://drive.google.com/drive/folders/12a-sYvP0u-PB1YWKzGdj_-jrD3QlfCYg?usp=sharing  ///  Link editável:  https://canva.link/cfwf5v0gco83lcr',null,null,true,true,true,null,'2026-06-19 17:38:05.505631+00','device_mqk7u9gi_39ilw1vdj7') on conflict (id) do update set full_name=excluded.full_name, social_handle=excluded.social_handle, contact_email=excluded.contact_email, cloud_link=excluded.cloud_link, observation=excluded.observation, device_id=excluded.device_id;
insert into public.handbanner_art_submissions (id,user_id,google_email,full_name,social_handle,contact_email,cloud_link,term_agreement_link,minor_authorization_link,agree_term,agree_minor,agree_rules,observation,created_at,device_id) values ('ab2e3f6a-8ab4-498a-bb95-a2f2edec9208',null,null,'Thainá Da Gama Nascimento','@zexwty no Instagram','thainagama412@gmail.com','https://drive.google.com/drive/folders/1xvpkCHI1CxN_PuQ-aIYWWTVbJjEuEX9R',null,null,true,true,true,'Reenvio da inscrição após realizar os ajustes solicitados na arte e nos arquivos.','2026-06-26 03:46:55.80785+00','device_mqjv6o3k_85wo8mxfpq') on conflict (id) do update set full_name=excluded.full_name, social_handle=excluded.social_handle, contact_email=excluded.contact_email, cloud_link=excluded.cloud_link, observation=excluded.observation, device_id=excluded.device_id;
insert into public.handbanner_art_submissions (id,user_id,google_email,full_name,social_handle,contact_email,cloud_link,term_agreement_link,minor_authorization_link,agree_term,agree_minor,agree_rules,observation,created_at,device_id) values ('ae761540-fba0-4bd7-b99e-026740a3fc1a',null,null,'Thamires Santos do Vale','@rmjnsgjhpjvjk_     no Twitter','thamiressantos924@gmail.com','https://drive.google.com/drive/folders/1VUj97ajKk0yODYNtt5XCV3ABHsOTcWRi?usp=drive_link',null,null,true,true,true,null,'2026-06-29 16:35:40.053063+00','device_mqzfd1qp_c4t5yzv726') on conflict (id) do update set full_name=excluded.full_name, social_handle=excluded.social_handle, contact_email=excluded.contact_email, cloud_link=excluded.cloud_link, observation=excluded.observation, device_id=excluded.device_id;
insert into public.handbanner_art_submissions (id,user_id,google_email,full_name,social_handle,contact_email,cloud_link,term_agreement_link,minor_authorization_link,agree_term,agree_minor,agree_rules,observation,created_at,device_id) values ('b400913b-0687-47f0-b105-c0cd67aaaefa',null,null,'ZY','@8xubgvg','artrixystudio@gmail.com','https://barmy360.com.br/envio-handbanner-artes.html',null,null,true,true,true,null,'2026-06-19 13:00:09.498141+00','device_mqkxr5wh_pz7g5k115b') on conflict (id) do update set full_name=excluded.full_name, social_handle=excluded.social_handle, contact_email=excluded.contact_email, cloud_link=excluded.cloud_link, observation=excluded.observation, device_id=excluded.device_id;
insert into public.handbanner_art_submissions (id,user_id,google_email,full_name,social_handle,contact_email,cloud_link,term_agreement_link,minor_authorization_link,agree_term,agree_minor,agree_rules,observation,created_at,device_id) values ('b6f1078f-5c9c-4f67-8356-b99d80099039',null,null,'Melissa Britto','@_melissabritto','melissabritto151@gmail.com','https://drive.google.com/drive/folders/12mKg3SQFS9SPA9C3r0_4L9UMCnvKxPtV',null,null,true,true,true,null,'2026-06-23 18:11:12.405986+00','device_mqqyh0hn_zmzcvu6tmj') on conflict (id) do update set full_name=excluded.full_name, social_handle=excluded.social_handle, contact_email=excluded.contact_email, cloud_link=excluded.cloud_link, observation=excluded.observation, device_id=excluded.device_id;
insert into public.handbanner_art_submissions (id,user_id,google_email,full_name,social_handle,contact_email,cloud_link,term_agreement_link,minor_authorization_link,agree_term,agree_minor,agree_rules,observation,created_at,device_id) values ('b72646d3-0a9a-4712-9816-f825d186d96f',null,null,'Milena Fernandes de Souza','@milenandess no instagram','mileenandes@gmail.com','https://drive.google.com/drive/folders/1P7Gkf0EWukLjAx2n3JJEauyLQM2cWAbJ?usp=sharing',null,null,true,true,true,null,'2026-07-01 20:59:50.150388+00','device_mqz8zttr_telvn6nqga') on conflict (id) do update set full_name=excluded.full_name, social_handle=excluded.social_handle, contact_email=excluded.contact_email, cloud_link=excluded.cloud_link, observation=excluded.observation, device_id=excluded.device_id;
insert into public.handbanner_art_submissions (id,user_id,google_email,full_name,social_handle,contact_email,cloud_link,term_agreement_link,minor_authorization_link,agree_term,agree_minor,agree_rules,observation,created_at,device_id) values ('b92be5c7-e522-4733-b943-2fdbcf1e5e5a',null,null,'Stefany Paloma','https://www.instagram.com/stefany.paloma.129?igsh=dmV6OXhyNzZjejhp','stefany.paoloma@gmail.com','https://barmy360.com.br/envio-handbanner-artes.html',null,'https://drive.google.com/file/d/1AJBN0zflFbFjHg_Z2t7JRDj8c0Retzvq/view?usp=drivesdk',true,true,true,null,'2026-07-02 19:33:01.017819+00','device_mqs6byrg_u4ovm2a2jq') on conflict (id) do update set full_name=excluded.full_name, social_handle=excluded.social_handle, contact_email=excluded.contact_email, cloud_link=excluded.cloud_link, observation=excluded.observation, device_id=excluded.device_id;
insert into public.handbanner_art_submissions (id,user_id,google_email,full_name,social_handle,contact_email,cloud_link,term_agreement_link,minor_authorization_link,agree_term,agree_minor,agree_rules,observation,created_at,device_id) values ('bd6ba274-894a-4c4a-a41e-48c4748f22f6',null,null,'Maria Eduarda Strumiello Fagundes','@duda_str','strumiello.duda@gmail.com','https://drive.google.com/file/d/1EeyuVbNV5axOJDwy4GRfsq7BZTc3w6Si/view?usp=sharing',null,'https://drive.google.com/drive/folders/10oQl3wHYZ9y2zlX5d59NdMXFqXLxS2un?usp=sharing',true,true,true,null,'2026-07-02 16:52:57.884974+00','device_mr37ogh6_gb2cff1djh') on conflict (id) do update set full_name=excluded.full_name, social_handle=excluded.social_handle, contact_email=excluded.contact_email, cloud_link=excluded.cloud_link, observation=excluded.observation, device_id=excluded.device_id;
insert into public.handbanner_art_submissions (id,user_id,google_email,full_name,social_handle,contact_email,cloud_link,term_agreement_link,minor_authorization_link,agree_term,agree_minor,agree_rules,observation,created_at,device_id) values ('c502732e-441a-4f5f-9e80-881c7ab446d4',null,null,'Jullia Lages da Silva','@thvmdnght no twitter','lagesjullia@gmail.com','https://drive.google.com/drive/folders/10Wo--tbfth1alkItPmrb7JaxrsqOIEaS?usp=sharing',null,null,true,true,true,null,'2026-07-02 14:39:42.516333+00','device_mr3lessp_j0gcylhtqn') on conflict (id) do update set full_name=excluded.full_name, social_handle=excluded.social_handle, contact_email=excluded.contact_email, cloud_link=excluded.cloud_link, observation=excluded.observation, device_id=excluded.device_id;
insert into public.handbanner_art_submissions (id,user_id,google_email,full_name,social_handle,contact_email,cloud_link,term_agreement_link,minor_authorization_link,agree_term,agree_minor,agree_rules,observation,created_at,device_id) values ('c7436022-cec9-4314-ada7-6ac729949824',null,null,'Ana Paula da Rosa Valadares','@bts_ft_mcr no X/Twitter','anapvaladares@hotmail.com','https://drive.google.com/drive/folders/12oVxSEebBbAeqTMrKYiqJjxvtArqflIO?usp=sharing',null,null,true,true,true,null,'2026-06-30 03:24:36.715108+00','device_mr02xasb_xslnaxsbwe') on conflict (id) do update set full_name=excluded.full_name, social_handle=excluded.social_handle, contact_email=excluded.contact_email, cloud_link=excluded.cloud_link, observation=excluded.observation, device_id=excluded.device_id;
insert into public.handbanner_art_submissions (id,user_id,google_email,full_name,social_handle,contact_email,cloud_link,term_agreement_link,minor_authorization_link,agree_term,agree_minor,agree_rules,observation,created_at,device_id) values ('ca2d2ba2-aadb-4d91-b041-66649d604afa',null,null,'Rayane Alves Coelho','@rayannealvescoelho','raianealvesneto@gmail.com','https://photos.google.com/u/1/photo/AF1QipMaSMLR87GmLOocaaOB6AIqoQeVWEMJnkU9a-41',null,null,true,true,true,null,'2026-06-19 17:25:45.275211+00','device_mqjzt6im_1z04uuzxzb') on conflict (id) do update set full_name=excluded.full_name, social_handle=excluded.social_handle, contact_email=excluded.contact_email, cloud_link=excluded.cloud_link, observation=excluded.observation, device_id=excluded.device_id;
insert into public.handbanner_art_submissions (id,user_id,google_email,full_name,social_handle,contact_email,cloud_link,term_agreement_link,minor_authorization_link,agree_term,agree_minor,agree_rules,observation,created_at,device_id) values ('cd688b0b-991c-478b-9d28-4407221b00f8',null,null,'Giovana Campos Pereira','@yoonglicose no x','gihpereira866645643@gmail.com','https://drive.google.com/drive/folders/1sHh8cyVcbwyTgso2Yxp8XsXOXmMWPu07',null,null,true,true,true,null,'2026-06-23 00:22:24.420273+00','device_mqpwg1y4_hnsafno1rm') on conflict (id) do update set full_name=excluded.full_name, social_handle=excluded.social_handle, contact_email=excluded.contact_email, cloud_link=excluded.cloud_link, observation=excluded.observation, device_id=excluded.device_id;
insert into public.handbanner_art_submissions (id,user_id,google_email,full_name,social_handle,contact_email,cloud_link,term_agreement_link,minor_authorization_link,agree_term,agree_minor,agree_rules,observation,created_at,device_id) values ('d168adfe-2d9f-4b1d-9014-bc8beed5908c',null,null,'Luzia Ester Brito','@luzia.britto_','luziaesterbrito@gmail.com','https://drive.google.com/drive/folders/1wVwWJITJaw0_ymBHffgBBZZyKuiqbWGD',null,null,true,true,true,null,'2026-06-30 22:54:28.153282+00','device_mr18s0me_o6p8irepvm') on conflict (id) do update set full_name=excluded.full_name, social_handle=excluded.social_handle, contact_email=excluded.contact_email, cloud_link=excluded.cloud_link, observation=excluded.observation, device_id=excluded.device_id;
insert into public.handbanner_art_submissions (id,user_id,google_email,full_name,social_handle,contact_email,cloud_link,term_agreement_link,minor_authorization_link,agree_term,agree_minor,agree_rules,observation,created_at,device_id) values ('d23dca84-08f5-400d-b414-7b09aea52028',null,null,'Renata Pedroso de Moraes','@haena_graphix  no Instagram','reppurple13@gmail.com','https://drive.google.com/drive/folders/12qz4Ti3vI6-DJjt4sIsKxBL7orJbVVUU',null,null,true,true,true,null,'2026-06-28 15:17:48.742277+00','device_mqxxkbz4_pm7zg6ojmr') on conflict (id) do update set full_name=excluded.full_name, social_handle=excluded.social_handle, contact_email=excluded.contact_email, cloud_link=excluded.cloud_link, observation=excluded.observation, device_id=excluded.device_id;
insert into public.handbanner_art_submissions (id,user_id,google_email,full_name,social_handle,contact_email,cloud_link,term_agreement_link,minor_authorization_link,agree_term,agree_minor,agree_rules,observation,created_at,device_id) values ('d287cca8-2373-4207-baf5-2bdf3a9e63d7',null,null,'Stefany Paloma','@stefany.paloma.129','stefany.paoloma@gmail.com','https://barmy360.com.br/envio-handbanner-artes.html',null,null,true,true,true,null,'2026-06-24 14:44:10.404891+00','device_mqs6byrg_u4ovm2a2jq') on conflict (id) do update set full_name=excluded.full_name, social_handle=excluded.social_handle, contact_email=excluded.contact_email, cloud_link=excluded.cloud_link, observation=excluded.observation, device_id=excluded.device_id;
insert into public.handbanner_art_submissions (id,user_id,google_email,full_name,social_handle,contact_email,cloud_link,term_agreement_link,minor_authorization_link,agree_term,agree_minor,agree_rules,observation,created_at,device_id) values ('d3fd6156-cf1a-46ac-a448-be7e385cc9ef',null,null,'Karina Albuquerque Barbosa Silva','@kachim95 no Twitter','kninamnina@gmail.com','https://drive.google.com/drive/folders/1M3PQR1WzX3X-or-sdlqhN-gTrL4ptOyx?usp=sharing',null,null,true,true,true,null,'2026-06-28 21:47:41.833177+00','device_mqn27ayw_eas0c7rmbe') on conflict (id) do update set full_name=excluded.full_name, social_handle=excluded.social_handle, contact_email=excluded.contact_email, cloud_link=excluded.cloud_link, observation=excluded.observation, device_id=excluded.device_id;
insert into public.handbanner_art_submissions (id,user_id,google_email,full_name,social_handle,contact_email,cloud_link,term_agreement_link,minor_authorization_link,agree_term,agree_minor,agree_rules,observation,created_at,device_id) values ('d554fea5-431b-4df1-bd4c-2cf7fb68c5bc',null,null,'STEFHANY SOUSA MENEZES SANTOS','@stefymenezess','STEFHANYSVJ@GMAIL.COM','https://drive.google.com/drive/folders/1vq8wMYBdYJa4Kk8jVVb_rO050cN47rfu?usp=sharing',null,null,true,true,true,null,'2026-07-01 13:50:46.47322+00','device_mr2122sf_u0r758fh8t') on conflict (id) do update set full_name=excluded.full_name, social_handle=excluded.social_handle, contact_email=excluded.contact_email, cloud_link=excluded.cloud_link, observation=excluded.observation, device_id=excluded.device_id;
insert into public.handbanner_art_submissions (id,user_id,google_email,full_name,social_handle,contact_email,cloud_link,term_agreement_link,minor_authorization_link,agree_term,agree_minor,agree_rules,observation,created_at,device_id) values ('d590c32c-c045-4f00-adcf-10c5abb21e6a',null,null,'Mariana Camargo do Nascimento','@mia.u008 no instagram','mariart.camargo@gmail.com','https://drive.google.com/drive/u/1/folders/1pcwyOtAxnqciFRttUmJ-p5M9XswfH3Dj',null,null,true,true,true,'Olá, tudo bem? Só gostaria de avisar que, como desenhei alguns assets para os designs e os compilei no Canva, disponibilizei o arquivo PSD dessas ilustrações no Drive. O arquivo editável do banner exigido no regulamento está nos links do Canva dentro de cada arquivo DOC nas pastas, correspondendo ao seu respectivo design.

Estou enviando em um único Drive os arquivos dos três designs, um para cada frase. 
Caso haja algum problema com os links dentro dos DOCs, aqui está um link reserva com os três designs unificados: https://canva.link/eu8dhtn15cssq73

Muito obrigada pela oportunidade de homenagear o BTS! 💜','2026-07-01 22:25:16.163258+00','device_mr1e0rhu_8jutx70s29') on conflict (id) do update set full_name=excluded.full_name, social_handle=excluded.social_handle, contact_email=excluded.contact_email, cloud_link=excluded.cloud_link, observation=excluded.observation, device_id=excluded.device_id;
insert into public.handbanner_art_submissions (id,user_id,google_email,full_name,social_handle,contact_email,cloud_link,term_agreement_link,minor_authorization_link,agree_term,agree_minor,agree_rules,observation,created_at,device_id) values ('da1d1b65-6813-4066-ae46-6622d54ceb1c',null,null,'beatriz bispo rios','@bea__soir','bia40020510@gmail.com','https://canva.link/unds36qik1vyzkm',null,null,true,true,true,null,'2026-07-02 02:42:08.428953+00','device_mqjtzn96_krfpqqfm9e') on conflict (id) do update set full_name=excluded.full_name, social_handle=excluded.social_handle, contact_email=excluded.contact_email, cloud_link=excluded.cloud_link, observation=excluded.observation, device_id=excluded.device_id;
insert into public.handbanner_art_submissions (id,user_id,google_email,full_name,social_handle,contact_email,cloud_link,term_agreement_link,minor_authorization_link,agree_term,agree_minor,agree_rules,observation,created_at,device_id) values ('db12f8af-1590-4a41-9dbc-24ba2680ddad',null,null,'Leandra Clemente','@iamgoddamnlost no X/Twitter','leandraclemente.rodrigues@gmail.com','https://drive.google.com/drive/folders/1kjFUohafReHxm2J4pBzmkAUhN8-r2r6z?usp=sharing',null,null,true,true,true,null,'2026-06-28 18:33:14.923068+00','device_mqy3pkcz_gd33g4riiz') on conflict (id) do update set full_name=excluded.full_name, social_handle=excluded.social_handle, contact_email=excluded.contact_email, cloud_link=excluded.cloud_link, observation=excluded.observation, device_id=excluded.device_id;
insert into public.handbanner_art_submissions (id,user_id,google_email,full_name,social_handle,contact_email,cloud_link,term_agreement_link,minor_authorization_link,agree_term,agree_minor,agree_rules,observation,created_at,device_id) values ('e524a249-68f2-479e-b0ee-0a95c98468a6',null,null,'Ana Clara Santos de Oliveira','@tggkdiorama','annaclarinha567@gmail.com','https://drive.google.com/drive/folders/1OxKcxAmDLYDWCJOmH4K3aklGNnnJM3nv?usp=sharing   ///  Link editável:   https://canva.link/8o041705rohumi4',null,null,true,true,true,null,'2026-06-19 17:39:15.314243+00','device_mqk7u9gi_39ilw1vdj7') on conflict (id) do update set full_name=excluded.full_name, social_handle=excluded.social_handle, contact_email=excluded.contact_email, cloud_link=excluded.cloud_link, observation=excluded.observation, device_id=excluded.device_id;
insert into public.handbanner_art_submissions (id,user_id,google_email,full_name,social_handle,contact_email,cloud_link,term_agreement_link,minor_authorization_link,agree_term,agree_minor,agree_rules,observation,created_at,device_id) values ('e8cefff7-95f5-4b22-bebd-207e7033be3c',null,null,'Melissa Aparecida de Sousa Ferreira','@btsdrp (twitter)','melissa.ferreira0219@gmail.com','https://drive.google.com/drive/folders/1oGmd1x4JWTOKdnue8LV-SHdfxyg2YNMQ',null,null,true,true,true,null,'2026-07-01 17:50:59.453828+00','device_mqr4f3kw_pb3mcvpe13') on conflict (id) do update set full_name=excluded.full_name, social_handle=excluded.social_handle, contact_email=excluded.contact_email, cloud_link=excluded.cloud_link, observation=excluded.observation, device_id=excluded.device_id;
insert into public.handbanner_art_submissions (id,user_id,google_email,full_name,social_handle,contact_email,cloud_link,term_agreement_link,minor_authorization_link,agree_term,agree_minor,agree_rules,observation,created_at,device_id) values ('eaee5e3a-9339-4ec6-a40f-853cbd8e775f',null,null,'Milenna Gabriella dos Santos Cardoso','@milennagabriella no instagram','millagabbi@hotmail.com','https://drive.google.com/drive/folders/1PHuwDk9-5eVuwnbM0l-XE8KJq90GW9mN?usp=drive_link',null,null,true,true,true,'Aviso: a camada do texto das instruções teve que ser rasterizado e mesclado um com o outro (português e coreano) pois algo na camada estava impedindo que o arquivo abrisse no programa photoshop, todo o resto está livre e editável.','2026-07-02 02:44:17.788772+00','device_mr2w30bb_frn3ff54rf') on conflict (id) do update set full_name=excluded.full_name, social_handle=excluded.social_handle, contact_email=excluded.contact_email, cloud_link=excluded.cloud_link, observation=excluded.observation, device_id=excluded.device_id;
insert into public.handbanner_art_submissions (id,user_id,google_email,full_name,social_handle,contact_email,cloud_link,term_agreement_link,minor_authorization_link,agree_term,agree_minor,agree_rules,observation,created_at,device_id) values ('eb1a3af4-6a68-4344-ba02-e6fedbb38519',null,null,'Edu Andrade Rodovalho','@nampeasprout no X/Twitter e @cypheredz no Instagram','ed.arodovalho@gmail.com','https://drive.google.com/drive/folders/1umNZAeXJ2v61jDltVlqTKTZJVt2f8dNB?usp=drive_link',null,null,true,true,true,'Link para o drive como editor, por favor cuidado ao manusear os arquivos! Caso tenha um perfil extra com acesso ao FIGMA de nome MisterJooj ou variante, foi um teste de link que fiz com uma conta alternativa.','2026-06-30 05:40:11.208249+00','device_mqzsq8hw_xmly5ldtf9') on conflict (id) do update set full_name=excluded.full_name, social_handle=excluded.social_handle, contact_email=excluded.contact_email, cloud_link=excluded.cloud_link, observation=excluded.observation, device_id=excluded.device_id;
insert into public.handbanner_art_submissions (id,user_id,google_email,full_name,social_handle,contact_email,cloud_link,term_agreement_link,minor_authorization_link,agree_term,agree_minor,agree_rules,observation,created_at,device_id) values ('f0ab9dea-9f95-49e8-bf05-ddef46251814',null,null,'Estefanny rocha pereira','@obrasdeartesdatete','obrasdeartesdatete@gmail.com','https://drive.google.com/drive/folders/1PKh86zFPthsaikurJPaNh1BaIiLwjSiX',null,null,true,true,true,null,'2026-06-21 18:22:50.68749+00','device_mqo3mxkp_ezscrhy70q') on conflict (id) do update set full_name=excluded.full_name, social_handle=excluded.social_handle, contact_email=excluded.contact_email, cloud_link=excluded.cloud_link, observation=excluded.observation, device_id=excluded.device_id;
insert into public.handbanner_art_submissions (id,user_id,google_email,full_name,social_handle,contact_email,cloud_link,term_agreement_link,minor_authorization_link,agree_term,agree_minor,agree_rules,observation,created_at,device_id) values ('f15665ea-2b02-4815-9432-77db8e6bb940',null,null,'Thais Da Gama Nascimento','@skyxx_011 no instagram','thaisdagama.n@gmail.com','https://drive.google.com/drive/folders/1RZRpr85yYzTzkmnAzNlXupeaoVKatPMU',null,null,true,true,true,null,'2026-06-29 14:22:10.485179+00','device_mqzb2ea9_5li079uenb') on conflict (id) do update set full_name=excluded.full_name, social_handle=excluded.social_handle, contact_email=excluded.contact_email, cloud_link=excluded.cloud_link, observation=excluded.observation, device_id=excluded.device_id;
insert into public.handbanner_art_submissions (id,user_id,google_email,full_name,social_handle,contact_email,cloud_link,term_agreement_link,minor_authorization_link,agree_term,agree_minor,agree_rules,observation,created_at,device_id) values ('f5222761-ace6-4630-a384-5ba2bd37011f',null,null,'Yasmin Conte Gois Pupo Castro','@winterbearthv','yasmincontegois10@gmail.com','https://drive.google.com/drive/folders/1Ly596PonCJ4bBMxjdSIzSn-Mwb6gBxov?usp=drive_link',null,null,true,true,true,null,'2026-06-25 18:43:53.17802+00','device_mqr5ho3e_attfmskbj0') on conflict (id) do update set full_name=excluded.full_name, social_handle=excluded.social_handle, contact_email=excluded.contact_email, cloud_link=excluded.cloud_link, observation=excluded.observation, device_id=excluded.device_id;
insert into public.handbanner_art_submissions (id,user_id,google_email,full_name,social_handle,contact_email,cloud_link,term_agreement_link,minor_authorization_link,agree_term,agree_minor,agree_rules,observation,created_at,device_id) values ('f7d93ff0-ae5b-4cb1-a378-07220ec8b9b7',null,null,'Isabela Domenes de Mello','@luvsjiinie no X/Twitter','isademello07@gmail.com','https://drive.google.com/drive/folders/1eCUnAzhpiVrdN8G9ezBUeiO1CIyIQOJb',null,null,true,true,true,null,'2026-06-30 18:02:55.318354+00','device_mqrjbaob_cugkrv9i7k') on conflict (id) do update set full_name=excluded.full_name, social_handle=excluded.social_handle, contact_email=excluded.contact_email, cloud_link=excluded.cloud_link, observation=excluded.observation, device_id=excluded.device_id;
insert into public.handbanner_art_submissions (id,user_id,google_email,full_name,social_handle,contact_email,cloud_link,term_agreement_link,minor_authorization_link,agree_term,agree_minor,agree_rules,observation,created_at,device_id) values ('f98716c9-8ffb-43fc-bbc8-024d1f667139',null,null,'Elio Azevedo da Silva','@sectorsol no X/Twitter ou @sectorsolarts no Instagram','joshuaboyfriend@gmail.com','https://drive.google.com/drive/folders/1bHGV8pUlpRzzcJMQCiKGhy0SV98UhJe9?usp=sharing',null,null,true,true,true,null,'2026-06-22 22:54:45.891003+00','device_mqpt40gk_atam3re1a7') on conflict (id) do update set full_name=excluded.full_name, social_handle=excluded.social_handle, contact_email=excluded.contact_email, cloud_link=excluded.cloud_link, observation=excluded.observation, device_id=excluded.device_id;
insert into public.handbanner_art_submissions (id,user_id,google_email,full_name,social_handle,contact_email,cloud_link,term_agreement_link,minor_authorization_link,agree_term,agree_minor,agree_rules,observation,created_at,device_id) values ('f98e9352-ff36-4775-85a7-8e1bdcbdb329',null,null,'Noah David','@dysprosio_ no twitter','noah95morgan@gmail.com','https://drive.google.com/drive/folders/1XnqCLODkLLCVCGtETqxhrcEUMYFVDbpK?usp=drive_link',null,null,true,true,true,null,'2026-06-26 01:52:57.276802+00','device_mqu85zs2_4r4e59ms3p') on conflict (id) do update set full_name=excluded.full_name, social_handle=excluded.social_handle, contact_email=excluded.contact_email, cloud_link=excluded.cloud_link, observation=excluded.observation, device_id=excluded.device_id;
insert into public.handbanner_art_submissions (id,user_id,google_email,full_name,social_handle,contact_email,cloud_link,term_agreement_link,minor_authorization_link,agree_term,agree_minor,agree_rules,observation,created_at,device_id) values ('f99a7894-e9e4-4a14-93dd-14cfed6ff1ff',null,null,'Melissa Britto','@_melissabritto','melissabritto151@gmail.com','https://drive.google.com/drive/folders/12mKg3SQFS9SPA9C3r0_4L9UMCnvKxPtV',null,null,true,true,true,'Enviando o link novamente após ajustes solicitados.','2026-06-26 18:33:59.062469+00','device_mqqyh0hn_zmzcvu6tmj') on conflict (id) do update set full_name=excluded.full_name, social_handle=excluded.social_handle, contact_email=excluded.contact_email, cloud_link=excluded.cloud_link, observation=excluded.observation, device_id=excluded.device_id;
insert into public.handbanner_art_submissions (id,user_id,google_email,full_name,social_handle,contact_email,cloud_link,term_agreement_link,minor_authorization_link,agree_term,agree_minor,agree_rules,observation,created_at,device_id) values ('fa94e90f-8207-494a-b743-5fea4699ecd7',null,null,'Alexander Sales Mendonça de Melo','@rkivempb no X/Twitter','alexandersmdm@gmail.com','https://drive.google.com/drive/folders/1DimU9AamZnNXIU1JQlZA2H9HpaqRSXqg',null,null,true,true,true,null,'2026-06-19 23:11:20.33429+00','device_mqljkekt_usbcdv6c33') on conflict (id) do update set full_name=excluded.full_name, social_handle=excluded.social_handle, contact_email=excluded.contact_email, cloud_link=excluded.cloud_link, observation=excluded.observation, device_id=excluded.device_id;
insert into public.handbanner_art_submissions (id,user_id,google_email,full_name,social_handle,contact_email,cloud_link,term_agreement_link,minor_authorization_link,agree_term,agree_minor,agree_rules,observation,created_at,device_id) values ('fc4528bb-eb86-4b20-ad0f-342a967b1343',null,null,'Estefanny rocha pereira','@obrasdeartesdatete','obrasdeartesdatete@gmail.com','https://drive.google.com/drive/folders/1PKh86zFPthsaikurJPaNh1BaIiLwjSiX',null,null,true,true,true,null,'2026-06-21 18:21:57.461886+00','device_mqo3mxkp_ezscrhy70q') on conflict (id) do update set full_name=excluded.full_name, social_handle=excluded.social_handle, contact_email=excluded.contact_email, cloud_link=excluded.cloud_link, observation=excluded.observation, device_id=excluded.device_id;
insert into public.handbanner_art_submissions (id,user_id,google_email,full_name,social_handle,contact_email,cloud_link,term_agreement_link,minor_authorization_link,agree_term,agree_minor,agree_rules,observation,created_at,device_id) values ('fe971867-fb01-4f7a-b152-aad3a95d4fcd',null,null,'Yasmim Loreny Muriel Tancara (Juca)','@varkacoxas (Twitter) @adoro.esquilos (Instagram)','adoroesquilos@gmail.com','https://drive.google.com/drive/folders/14tqasEF4gEGWo5YJE9hyTJm4bgdvm4fl?usp=drive_link',null,null,true,true,true,null,'2026-07-02 01:43:57.789321+00','device_mr2tlol9_z3u2lixykx') on conflict (id) do update set full_name=excluded.full_name, social_handle=excluded.social_handle, contact_email=excluded.contact_email, cloud_link=excluded.cloud_link, observation=excluded.observation, device_id=excluded.device_id;
insert into public.handbanner_art_submissions (id,user_id,google_email,full_name,social_handle,contact_email,cloud_link,term_agreement_link,minor_authorization_link,agree_term,agree_minor,agree_rules,observation,created_at,device_id) values ('fed5f7f4-af9f-4b26-815c-b2741a4b8c24',null,null,'Thais Gouveia Dornelles','@thais_gouveiaa','gouveiathais94@gmail.com','https://canva.link/wz9ppejj64xg6ci',null,null,true,true,true,null,'2026-06-19 16:43:27.617041+00','device_mql5pwug_3xh2zk6giw') on conflict (id) do update set full_name=excluded.full_name, social_handle=excluded.social_handle, contact_email=excluded.contact_email, cloud_link=excluded.cloud_link, observation=excluded.observation, device_id=excluded.device_id;

-- Atualiza URLs antigas para o domínio do novo Supabase, caso algum campo tenha ficado com domínio antigo.
-- community_posts: URLs já foram remapeadas durante a geração deste arquivo.
-- help_items: URLs já foram remapeadas durante a geração deste arquivo.
-- stream_items: URLs já foram remapeadas durante a geração deste arquivo.
-- site_documents: URLs já foram remapeadas durante a geração deste arquivo.
-- solo_members: URLs já foram remapeadas durante a geração deste arquivo.
-- solo_projects: URLs já foram remapeadas durante a geração deste arquivo.
-- projects: URLs já foram remapeadas durante a geração deste arquivo.
-- opcoes_votacao: URLs já foram remapeadas durante a geração deste arquivo.